,Name of movie,Rating,Genre,Watchtime,Metascore
0,The Shawshank Redemption,R,Drama,142,80
1,The Godfather,R,Crime Drama,175,100
3,The Dark Knight,PG-13,Action Crime Drama,152,84
4,The Godfather: Part II,R,Crime Drama,202,90
5,12 Angry Men,Not Rated,Crime Drama,96,96
7,The Lord of the Rings: The Return of the King,PG-13,Action Adventure Drama,201,94
8,Pulp Fiction,R,Crime Drama,154,94
9,Schindler's List,R,Biography Drama History,195,94
10,Inception,PG-13,Action Adventure Sci-Fi,148,74
12,Fight Club,R,Drama,139,66
13,The Lord of the Rings: The Fellowship of the Ring,PG-13,Action Adventure Drama,178,92
14,Forrest Gump,PG-13,Drama Romance,142,82
15,"The Good, the Bad and the Ugly",R,Western,178,90
16,The Lord of the Rings: The Two Towers,PG-13,Action Adventure Drama,179,87
17,The Matrix,R,Action Sci-Fi,136,73
18,Goodfellas,R,Biography Crime Drama,146,90
19,Star Wars: Episode V - The Empire Strikes Back,PG,Action Adventure Fantasy,124,82
20,One Flew Over the Cuckoo's Nest,R,Drama,133,84
21,Parasite,R,Comedy Drama Thriller,132,96
23,Interstellar,PG-13,Adventure Drama Sci-Fi,169,74
24,City of God,R,Crime Drama,130,79
25,Spirited Away,PG,Animation Adventure Family,125,96
26,Saving Private Ryan,R,Drama War,169,91
27,The Green Mile,R,Crime Drama Fantasy,189,61
28,Life Is Beautiful,PG-13,Comedy Drama Romance,116,59
29,Se7en,R,Crime Drama Mystery,127,65
30,The Silence of the Lambs,R,Crime Drama Thriller,118,85
31,Star Wars: Episode IV - A New Hope,PG,Action Adventure Fantasy,121,90
32,Hara-Kiri,Not Rated,Action Drama Mystery,133,85
33,Seven Samurai,Not Rated,Action Adventure Drama,207,98
34,It's a Wonderful Life,PG,Drama Family Fantasy,130,89
36,Whiplash,R,Drama Music,106,88
37,The Intouchables,R,Biography Comedy Drama,112,57
38,The Prestige,PG-13,Drama Mystery Sci-Fi,130,66
39,The Departed,R,Crime Drama Thriller,151,85
40,The Pianist,R,Biography Drama Music,150,85
41,Gladiator,R,Action Adventure Drama,155,67
42,American History X,R,Drama,119,62
43,The Usual Suspects,R,Crime Mystery Thriller,106,77
44,Léon: The Professional,R,Action Crime Drama,110,64
45,The Lion King,G,Animation Adventure Drama,88,88
46,Terminator 2: Judgment Day,R,Action Sci-Fi,137,75
47,Cinema Paradiso,R,Drama Romance,155,80
48,Grave of the Fireflies,Not Rated,Animation Drama War,89,94
49,Back to the Future,PG,Adventure Comedy Sci-Fi,116,87
50,Once Upon a Time in the West,PG-13,Western,165,80
51,Psycho,R,Horror Mystery Thriller,109,97
53,Rear Window,PG,Mystery Thriller,112,100
54,Casablanca,PG,Drama Romance War,102,100
55,Modern Times,G,Comedy Drama Family,87,96
56,City Lights,G,Comedy Drama Romance,87,99
57,Hamilton,PG-13,Biography Drama History,160,90
58,Capharnaüm,R,Drama,126,75
59,Joker,R,Crime Drama Thriller,122,59
61,Your Name.,PG,Animation Drama Fantasy,106,79
63,Spider-Man: Into the Spider-Verse,PG,Animation Action Adventure,117,87
64,Avengers: Endgame,PG-13,Action Adventure Drama,181,78
65,Avengers: Infinity War,PG-13,Action Adventure Sci-Fi,149,68
66,Coco,PG,Animation Adventure Comedy,105,81
67,Django Unchained,R,Drama Western,165,81
68,The Dark Knight Rises,PG-13,Action,164,78
69,3 Idiots,PG-13,Comedy Drama,170,67
71,WALL·E,G,Animation Adventure Family,98,95
72,The Lives of Others,R,Drama Mystery Thriller,137,89
73,Oldboy,R,Action Drama Mystery,120,77
74,Memento,R,Mystery Thriller,113,80
75,Princess Mononoke,PG-13,Animation Action Adventure,134,76
76,Once Upon a Time in America,R,Crime Drama,229,75
77,Indiana Jones and the Raiders of the Lost Ark,PG,Action Adventure,115,85
78,The Shining,R,Drama Horror,146,66
79,Apocalypse Now,R,Drama Mystery War,147,94
80,Alien,R,Horror Sci-Fi,117,89
82,Dr. Strangelove or: How I Learned to Stop Worrying and Love the Bomb,PG,Comedy,95,97
84,Paths of Glory,Not Rated,Drama War,88,90
88,1917,R,Action Drama War,119,78
94,The Hunt,R,Drama,115,77
95,A Separation,PG-13,Drama,123,95
96,Incendies,R,Drama Mystery War,131,80
97,Demon Slayer: Mugen Train,R,Animation Action Adventure,117,75
98,The Father,PG-13,Drama,97,88
100,Inglourious Basterds,R,Adventure Drama War,153,69
101,Eternal Sunshine of the Spotless Mind,R,Drama Romance Sci-Fi,108,89
102,Amélie,R,Comedy Romance,122,69
103,Snatch,R,Comedy Crime,102,55
104,Requiem for a Dream,R,Drama,102,68
105,American Beauty,R,Drama,122,84
106,Good Will Hunting,R,Drama Romance,126,70
107,Children of Heaven,PG,Drama Family Sport,89,77
108,Toy Story,G,Animation Adventure Comedy,81,95
109,Braveheart,R,Biography Drama History,178,68
110,Reservoir Dogs,R,Crime Drama Thriller,99,79
111,Full Metal Jacket,R,Drama War,116,76
113,Aliens,R,Action Adventure Sci-Fi,137,84
114,Amadeus,R,Biography Drama History,160,88
115,Scarface,R,Crime Drama,170,65
116,Star Wars: Episode VI - Return of the Jedi,PG,Action Adventure Fantasy,131,58
117,Das Boot,R,Adventure Drama Thriller,149,86
118,The Sting,PG,Comedy Crime Drama,129,83
119,A Clockwork Orange,R,Crime Drama Sci-Fi,136,77
120,2001: A Space Odyssey,G,Adventure Sci-Fi,149,84
121,To Kill a Mockingbird,Not Rated,Crime Drama,129,88
122,Lawrence of Arabia,Not Rated,Adventure Biography Drama,228,100
123,The Apartment,Not Rated,Comedy Drama Romance,125,94
124,North by Northwest,Not Rated,Adventure Mystery Thriller,136,98
125,Vertigo,PG,Mystery Romance Thriller,128,100
126,Singin' in the Rain,G,Comedy Musical Romance,103,99
129,Double Indemnity,Not Rated,Crime Drama Film-Noir,107,95
130,Citizen Kane,PG,Drama Mystery,119,100
132,Metropolis,Not Rated,Drama Sci-Fi,153,98
135,Green Book,PG-13,Biography Comedy Drama,130,69
136,A Silent Voice: The Movie,Not Rated,Animation Drama,130,78
139,Klaus,PG,Animation Adventure Comedy,96,65
143,Tangerines,Not Rated,Drama War,87,73
145,Gangs of Wasseypur,Not Rated,Action Crime Drama,321,89
149,The Secret in Their Eyes,R,Drama Mystery Romance,129,80
150,Shutter Island,R,Mystery Thriller,138,63
151,Up,PG,Animation Adventure Comedy,96,88
154,The Wolf of Wall Street,R,Biography Crime Drama,180,75
155,Chak De! India,Not Rated,Drama Family Sport,153,68
156,There Will Be Blood,R,Drama,158,93
157,Pan's Labyrinth,R,Drama Fantasy War,118,98
158,Toy Story 3,G,Animation Adventure Comedy,103,92
160,Batman Begins,PG-13,Action Adventure,140,70
162,Downfall,R,Biography Drama History,156,82
163,Howl's Moving Castle,PG,Animation Adventure Family,119,80
164,A Beautiful Mind,PG-13,Biography Drama,135,72
166,"Lock, Stock and Two Smoking Barrels",R,Action Comedy Crime,107,66
167,L.A. Confidential,R,Crime Drama Mystery,138,90
169,Heat,R,Crime Drama Thriller,170,76
170,Casino,R,Crime Drama,178,73
171,Unforgiven,R,Drama Western,130,85
172,Indiana Jones and the Last Crusade,PG-13,Action Adventure,127,65
174,My Neighbor Totoro,G,Animation Family Fantasy,86,86
175,Die Hard,R,Action Thriller,132,72
176,Ran,R,Action Drama War,162,96
177,Raging Bull,R,Biography Drama Sport,129,89
179,Taxi Driver,R,Crime Drama,114,94
182,Monty Python and the Holy Grail,PG,Adventure Comedy Fantasy,91,91
183,Chinatown,R,Drama Mystery Thriller,130,92
185,For a Few Dollars More,R,Western,132,74
186,The Great Escape,Not Rated,Adventure Drama History,172,86
187,Yojimbo,Not Rated,Action Drama Thriller,110,93
188,Judgment at Nuremberg,Not Rated,Drama War,179,60
189,Some Like It Hot,Not Rated,Comedy Music Romance,121,98
190,Wild Strawberries,Not Rated,Drama Romance,91,88
191,The Seventh Seal,Not Rated,Drama Fantasy History,96,88
192,Dial M for Murder,PG,Crime Thriller,105,75
194,Rashomon,Not Rated,Crime Drama Mystery,88,98
195,All About Eve,Not Rated,Drama,138,98
196,The Treasure of the Sierra Madre,Not Rated,Adventure Drama Western,126,98
197,To Be or Not to Be,Not Rated,Comedy Romance War,99,86
200,Portrait of a Lady on Fire,R,Drama Romance,122,95
202,Wolfwalkers,PG,Animation Adventure Family,103,87
203,"Three Billboards Outside Ebbing, Missouri",R,Comedy Crime Drama,115,88
205,The Handmaiden,Not Rated,Drama Romance Thriller,145,84
206,Mommy,R,Drama,139,74
208,Logan,R,Action Drama Sci-Fi,137,77
209,Room,R,Drama Thriller,118,86
210,Wild Tales,R,Comedy Drama Thriller,122,77
211,Soul,PG,Animation Adventure Comedy,100,83
212,Winter Sleep,Not Rated,Drama,196,88
215,The Grand Budapest Hotel,R,Adventure Comedy Crime,99,88
216,Gone Girl,R,Drama Mystery Thriller,149,79
217,Wolf Children,PG,Animation Drama Fantasy,117,71
218,Hacksaw Ridge,R,Biography Drama History,139,71
219,Inside Out,PG,Animation Adventure Comedy,95,94
221,12 Years a Slave,R,Biography Drama History,134,96
222,Rush,R,Action Biography Drama,123,74
223,Ford v Ferrari,PG-13,Action Biography Drama,152,81
224,Spotlight,R,Biography Crime Drama,129,93
225,Song of the Sea,PG,Animation Adventure Drama,93,85
227,Prisoners,R,Crime Drama Mystery,153,70
228,Mad Max: Fury Road,R,Action Adventure Sci-Fi,120,90
229,Warrior,PG-13,Action Drama Sport,140,71
231,Zack Snyder's Justice League,R,Action Adventure Fantasy,242,54
232,Gran Torino,R,Drama,116,72
233,Harry Potter and the Deathly Hallows: Part 2,PG-13,Adventure Drama Fantasy,130,85
234,Departures,PG-13,Drama Music,130,68
237,How to Train Your Dragon,PG,Animation Action Adventure,98,75
238,Into the Wild,R,Adventure Biography Drama,148,73
239,No Country for Old Men,R,Crime Drama Thriller,122,91
241,V for Vendetta,R,Action Drama Sci-Fi,132,62
242,Nobody Knows,PG-13,Drama,141,88
244,Million Dollar Baby,PG-13,Drama Sport,132,86
245,Hotel Rwanda,PG-13,Biography Drama History,121,79
246,Before Sunset,R,Drama Romance,80,90
248,Memories of Murder,Not Rated,Crime Drama Mystery,132,82
250,Kill Bill: Vol. 1,R,Action Crime Drama,111,69
251,Finding Nemo,G,Animation Adventure Comedy,100,90
252,Catch Me If You Can,PG-13,Biography Crime Drama,141,75
253,Love's a Bitch,R,Drama Thriller,154,83
254,"Monsters, Inc.",G,Animation Adventure Comedy,92,79
256,Lagaan: Once Upon a Time in India,PG,Drama Musical Sport,224,84
257,The Sixth Sense,PG-13,Drama Mystery Thriller,107,64
258,The Celebration,R,Drama,105,82
259,The Legend of 1900,R,Drama Music Romance,169,58
260,The Truman Show,PG,Comedy Drama,103,90
261,"Black Cat, White Cat",R,Comedy Crime Romance,127,73
262,The Big Lebowski,R,Comedy Crime Sport,117,71
263,In the Mood for Love,PG,Drama Romance,98,85
264,Trainspotting,R,Drama,93,83
265,Fargo,R,Crime Drama Thriller,98,85
266,Underground,Not Rated,Comedy Drama Fantasy,167,79
269,Before Sunrise,R,Drama Romance,101,77
270,Three Colors: Red,R,Drama Mystery Romance,99,100
271,Chungking Express,PG-13,Comedy Crime Drama,102,78
273,Jurassic Park,PG-13,Action Adventure Sci-Fi,127,68
274,In the Name of the Father,R,Biography Crime Drama,133,84
275,Farewell My Concubine,R,Drama Music Romance,171,83
277,Dead Poets Society,PG,Comedy Drama,128,79
278,The Princess Bride,PG,Adventure Family Fantasy,98,77
279,Stand by Me,R,Adventure Drama,89,75
280,Platoon,R,Drama War,120,92
281,"Paris, Texas",R,Drama,145,78
282,Nausicaä of the Valley of the Wind,PG,Animation Adventure Fantasy,117,86
283,The Thing,R,Horror Mystery Sci-Fi,109,57
285,Fanny and Alexander,R,Drama,188,100
286,Blade Runner,R,Action Sci-Fi Thriller,117,84
287,The Elephant Man,PG,Biography Drama,124,78
289,Monty Python's Life of Brian,R,Comedy,94,77
290,The Deer Hunter,R,Drama War,183,86
291,Rocky,PG,Drama Sport,120,70
292,Network,R,Drama,121,83
293,Barry Lyndon,PG,Adventure Drama History,185,89
294,Mirror,Not Rated,Biography Drama,107,80
295,Paper Moon,PG,Comedy Crime Drama,102,77
297,Solaris,PG,Drama Mystery Sci-Fi,167,90
299,Cool Hand Luke,GP,Crime Drama,127,92
300,Persona,Not Rated,Drama Thriller,83,86
302,The Battle of Algiers,Not Rated,Drama War,121,96
304,What Ever Happened to Baby Jane?,Not Rated,Drama Horror Thriller,134,75
306,The Man Who Shot Liberty Valance,Not Rated,Drama Western,123,94
309,Inherit the Wind,Not Rated,Biography Drama History,128,75
311,Ben-Hur,G,Adventure Drama History,212,90
315,The Bridge on the River Kwai,PG,Adventure Drama War,161,87
316,Rififi,Not Rated,Crime Drama Thriller,118,97
317,On the Waterfront,Not Rated,Crime Drama Thriller,108,91
319,The Wages of Fear,Not Rated,Adventure Drama Thriller,131,85
320,Ace in the Hole,Not Rated,Drama Film-Noir,111,72
322,The Third Man,Not Rated,Film-Noir Mystery Thriller,93,97
324,The Best Years of Our Lives,Not Rated,Drama Romance War,170,93
325,The Shop Around the Corner,Not Rated,Comedy Drama Romance,99,96
326,Rebecca,Not Rated,Drama Mystery Romance,130,86
327,The Grapes of Wrath,Not Rated,Drama History,129,96
328,Mr. Smith Goes to Washington,Not Rated,Comedy Drama,129,73
329,Gone with the Wind,Not Rated,Drama History Romance,238,97
331,It Happened One Night,Not Rated,Comedy Romance,105,87
332,All Quiet on the Western Front,Not Rated,Drama War,152,91
334,The Circus,Not Rated,Comedy Romance,72,90
338,Shang-Chi and the Legend of the Ten Rings,PG-13,Action Adventure Fantasy,132,71
340,Togo,PG,Adventure Biography Drama,113,69
344,La La Land,PG-13,Comedy Drama Music,128,94
345,Lion,PG-13,Biography Drama,118,69
346,The Martian,PG-13,Adventure Drama Sci-Fi,144,80
347,Zootopia,PG,Animation Adventure Comedy,108,78
349,The Tale of The Princess Kaguya,PG,Animation Adventure Drama,137,89
350,Wonder,PG,Drama Family,113,66
352,Short Term 12,R,Drama,96,82
353,The Raid 2,R,Action Crime Thriller,150,71
354,The Imitation Game,PG-13,Biography Drama Thriller,114,71
355,Guardians of the Galaxy,PG-13,Action Adventure Comedy,121,76
356,Blade Runner 2049,R,Action Drama Mystery,164,81
357,Her,R,Drama Romance Sci-Fi,126,91
358,The Revenant,R,Action Adventure Drama,156,76
359,Elite Squad 2: The Enemy Within,Not Rated,Action Crime Drama,115,71
360,The King's Speech,R,Biography Drama History,118,88
361,The Help,PG-13,Drama,146,62
362,Deadpool,R,Action Adventure Comedy,108,65
363,Darbareye Elly,TV-PG,Drama Mystery,119,87
365,Ip Man,R,Action Biography Drama,106,59
366,My Name Is Khan,PG-13,Drama,165,50
368,Slumdog Millionaire,R,Drama Romance,120,84
369,Black Swan,R,Drama Thriller,108,79
370,Elite Squad,R,Action Crime Drama,115,33
371,The Avengers,PG-13,Action Adventure Sci-Fi,143,69
372,Persepolis,PG-13,Animation Biography Drama,96,90
373,Dallas Buyers Club,R,Biography Drama,117,79
374,The Pursuit of Happyness,PG-13,Biography Drama,117,64
375,Blood Diamond,R,Adventure Drama Thriller,143,64
376,The Bourne Ultimatum,PG-13,Action Adventure Mystery,115,85
377,3-Iron,R,Crime Drama Romance,88,72
378,Sin City,R,Crime Thriller,124,74
379,The Diving Bell and the Butterfly,PG-13,Biography Drama,112,92
380,Tae Guk Gi: The Brotherhood of War,R,Action Drama War,140,64
382,Ratatouille,G,Animation Adventure Comedy,111,96
383,Casino Royale,PG-13,Action Adventure Thriller,144,80
384,Kill Bill: Vol. 2,R,Action Crime Thriller,137,83
385,The Return,Not Rated,Drama,110,82
386,"Spring, Summer, Fall, Winter... and Spring",R,Drama Romance,103,85
387,The Sea Inside,PG-13,Biography Drama,126,74
388,Cinderella Man,PG-13,Biography Drama History,144,69
389,Infernal Affairs,R,Action Crime Drama,101,75
390,Pirates of the Caribbean: The Curse of the Black Pearl,PG-13,Action Adventure Fantasy,143,63
391,Big Fish,PG-13,Adventure Drama Fantasy,125,58
392,The Incredibles,PG,Animation Action Adventure,115,90
394,Dogville,R,Crime Drama,178,60
396,Donnie Darko,R,Drama Mystery Sci-Fi,113,88
397,Magnolia,R,Drama,188,77
398,Dancer in the Dark,R,Crime Drama Musical,140,61
399,The Straight Story,G,Biography Drama,112,86
401,Central Station,R,Drama,110,80
402,The Iron Giant,PG,Animation Action Adventure,86,85
403,Sling Blade,R,Drama,135,84
404,Secrets & Lies,R,Comedy Drama,136,91
405,12 Monkeys,R,Mystery Sci-Fi Thriller,129,74
406,Ghost in the Shell,TV-MA,Animation Action Crime,83,76
407,The Nightmare Before Christmas,PG,Animation Family Fantasy,76,82
408,Groundhog Day,PG,Comedy Fantasy Romance,101,72
409,"Blood In, Blood Out",R,Crime Drama,180,47
410,Scent of a Woman,R,Drama,156,59
411,Aladdin,G,Animation Adventure Comedy,90,86
412,JFK,R,Drama History Thriller,189,72
413,Beauty and the Beast,G,Animation Family Fantasy,84,95
414,Dances with Wolves,PG-13,Adventure Drama Western,181,72
415,Do the Right Thing,R,Comedy Drama,120,93
416,Rain Man,R,Drama,133,65
418,Wings of Desire,PG-13,Drama Fantasy Romance,128,79
419,Au Revoir les Enfants,PG,Drama War,104,88
420,Castle in the Sky,PG,Animation Adventure Drama,125,78
422,The Terminator,R,Action Sci-Fi,107,84
423,Pink Floyd: The Wall,R,Drama Fantasy Music,95,47
424,Gandhi,PG,Biography Drama History,191,79
425,Kagemusha,PG,Drama History War,162,84
426,Being There,PG,Comedy Drama,130,83
427,Annie Hall,PG,Comedy Romance,93,92
428,All the President's Men,PG,Biography Drama History,138,84
429,Jaws,PG,Adventure Thriller,124,87
430,Dog Day Afternoon,R,Biography Crime Drama,125,86
431,Young Frankenstein,PG,Comedy,106,80
432,Papillon,R,Biography Crime Drama,151,58
433,The Exorcist,R,Horror,122,81
435,The Last Picture Show,R,Drama Romance,118,93
436,Fiddler on the Roof,G,Drama Family Musical,181,67
437,The Conformist,R,Drama,113,100
438,Butch Cassidy and the Sundance Kid,PG,Biography Crime Drama,110,66
439,Rosemary's Baby,Not Rated,Drama Horror,137,96
440,Planet of the Apes,G,Adventure Sci-Fi,112,79
441,The Graduate,PG,Comedy Drama Romance,106,83
442,Who's Afraid of Virginia Woolf?,Not Rated,Drama,131,75
443,The Sound of Music,G,Biography Drama Family,172,63
444,Doctor Zhivago,PG-13,Drama Romance War,197,69
445,A Fistful of Dollars,R,Action Drama Western,99,65
446,8½,Not Rated,Drama,138,91
448,The Hustler,Not Rated,Drama Sport,134,90
449,The Sweet Life,Not Rated,Comedy Drama,174,95
450,Rio Bravo,Not Rated,Action Drama Western,141,93
451,Anatomy of a Murder,Not Rated,Crime Drama Mystery,161,95
452,Touch of Evil,PG-13,Crime Drama Film-Noir,95,99
453,Cat on a Hot Tin Roof,Not Rated,Drama,108,84
454,Sweet Smell of Success,Not Rated,Drama Film-Noir,96,100
455,The Killing,Not Rated,Crime Drama Film-Noir,84,91
456,The Night of the Hunter,Not Rated,Crime Drama Film-Noir,92,99
458,Stalag 17,Not Rated,Comedy Drama War,120,84
459,Roman Holiday,Not Rated,Comedy Romance,118,78
460,High Noon,PG,Drama Thriller Western,85,89
461,A Streetcar Named Desire,PG,Drama,122,97
462,Strangers on a Train,PG,Crime Film-Noir Thriller,101,88
465,Rope,Not Rated,Crime Drama Mystery,80,73
467,Notorious,Not Rated,Drama Film-Noir Romance,102,100
468,Brief Encounter,Not Rated,Drama Romance,86,92
471,The Maltese Falcon,Not Rated,Crime Film-Noir Mystery,100,96
472,The Wizard of Oz,PG,Adventure Family Fantasy,102,92
474,The Thin Man,TV-PG,Comedy Crime Mystery,91,86
475,Battleship Potemkin,Not Rated,Drama History Thriller,66,97
476,Knives Out,PG-13,Comedy Crime Drama,130,82
477,Shoplifters,R,Crime Drama,121,93
478,Marriage Story,R,Comedy Drama Romance,137,94
480,Call Me by Your Name,R,Drama Romance,132,93
481,"I, Daniel Blake",R,Drama,100,78
482,Isle of Dogs,PG-13,Animation Adventure Comedy,101,82
483,Hunt for the Wilderpeople,PG-13,Adventure Comedy Drama,101,81
485,Captain Fantastic,R,Comedy Drama,118,72
486,Sing Street,PG-13,Comedy Drama Music,106,79
487,Thor: Ragnarok,PG-13,Action Adventure Comedy,130,74
488,Jojo Rabbit,PG-13,Comedy Drama War,108,58
489,Arrival,PG-13,Drama Sci-Fi,116,81
490,Gully Boy,Not Rated,Drama Music Romance,154,65
491,Before Midnight,R,Drama Romance,109,94
492,X-Men: Days of Future Past,PG-13,Action Adventure Sci-Fi,132,75
493,Once Upon a Time in Anatolia,Not Rated,Crime Drama,157,82
494,Bohemian Rhapsody,PG-13,Biography Drama Music,134,49
495,The Perks of Being a Wallflower,PG-13,Drama Romance,103,67
496,The Artist,PG-13,Comedy Drama Romance,100,89
497,Edge of Tomorrow,PG-13,Action Adventure Sci-Fi,113,71
498,Amour,PG-13,Drama,127,94
499,A Prophet,R,Crime Drama,155,90
500,Let the Right One In,R,Crime Drama Fantasy,114,82
501,District 9,R,Action Sci-Fi Thriller,112,81
502,The Wrestler,R,Drama Sport,109,80
504,Boyhood,R,Drama,165,100
505,"4 Months, 3 Weeks and 2 Days",Not Rated,Drama,113,97
506,Star Trek,PG-13,Action Adventure Sci-Fi,127,82
507,In Bruges,R,Comedy Crime Drama,107,67
509,Letters from Iwo Jima,R,Action Adventure Drama,141,89
510,Life of Pi,PG,Adventure Drama Fantasy,127,79
511,Fantastic Mr. Fox,PG,Animation Adventure Comedy,87,83
512,C.R.A.Z.Y.,Not Rated,Comedy Drama,129,81
513,The Chorus,PG-13,Comedy Drama Music,97,56
514,Iron Man,PG-13,Action Adventure Sci-Fi,126,79
515,Shaun of the Dead,R,Comedy Horror,99,76
516,Kal Ho Naa Ho,Not Rated,Comedy Drama Musical,186,54
517,Head-On,R,Drama Romance,121,78
518,Mystic River,R,Crime Drama Mystery,138,84
519,Harry Potter and the Prisoner of Azkaban,PG,Adventure Family Fantasy,142,82
520,Hero,PG-13,Action Adventure History,120,85
521,Millennium Actress,PG,Animation Drama Fantasy,87,70
522,Talk to Her,R,Drama Mystery Romance,112,86
523,No Man's Land,R,Comedy Drama War,98,84
524,Cowboy Bebop: The Movie,TV-14,Animation Action Crime,115,61
525,The Bourne Identity,PG-13,Action Mystery Thriller,119,68
526,Nine Queens,R,Crime Drama Thriller,114,80
527,Children of Men,R,Action Sci-Fi Thriller,109,84
528,All About My Mother,R,Drama,101,87
529,Almost Famous,R,Adventure Comedy Drama,122,90
530,Mulholland Drive,R,Drama Mystery Thriller,147,85
531,Shrek,PG,Animation Adventure Comedy,90,84
532,Toy Story 2,G,Animation Adventure Comedy,92,88
534,Boogie Nights,R,Drama,155,85
535,Whisper of the Heart,G,Animation Drama Family,111,75
536,Once Were Warriors,R,Crime Drama,102,77
537,True Romance,R,Crime Drama Romance,119,59
538,Three Colors: Blue,R,Drama Music Mystery,94,85
540,Carlito's Way,R,Crime Drama Thriller,144,65
541,Edward Scissorhands,PG-13,Drama Fantasy Romance,105,74
542,My Left Foot,R,Biography Drama,103,97
543,Kiki's Delivery Service,G,Animation Adventure Drama,103,83
544,Crimes and Misdemeanors,PG-13,Comedy Drama,104,77
545,The Untouchables,R,Crime Drama Thriller,119,79
546,Hannah and Her Sisters,PG-13,Comedy Drama,107,90
547,Brazil,R,Drama Sci-Fi,132,84
548,This Is Spinal Tap,R,Comedy Music,82,92
549,A Christmas Story,PG,Comedy Family,93,77
550,The Blues Brothers,R,Action Adventure Comedy,133,60
551,Manhattan,R,Comedy Drama Romance,96,83
552,All That Jazz,R,Drama Music Musical,123,72
553,Dawn of the Dead,Not Rated,Horror Thriller,127,71
554,The Holy Mountain,R,Adventure Drama Fantasy,114,76
556,The Discreet Charm of the Bourgeoisie,PG,Comedy,102,93
558,Harold and Maude,PG,Comedy Drama Romance,91,62
559,Patton,GP,Biography Drama War,172,91
560,The Wild Bunch,R,Action Adventure Western,135,97
561,Night of the Living Dead,Not Rated,Horror Thriller,96,89
563,In the Heat of the Night,Not Rated,Crime Drama Mystery,110,75
564,Charade,Not Rated,Comedy Mystery Romance,113,83
565,The Manchurian Candidate,PG-13,Drama Thriller,126,94
566,Spartacus,PG-13,Adventure Biography Drama,197,87
570,The Searchers,Not Rated,Adventure Drama Western,119,94
571,East of Eden,PG,Drama,118,72
573,Miracle on 34th Street,Not Rated,Comedy Drama Family,96,88
576,The Philadelphia Story,Not Rated,Comedy Romance,112,96
578,Stagecoach,Not Rated,Adventure Drama Western,96,93
579,Bringing Up Baby,Not Rated,Comedy Family Romance,102,91
580,The Adventures of Robin Hood,PG,Action Adventure Romance,102,97
582,King Kong,Not Rated,Adventure Horror Sci-Fi,100,90
583,Freaks,Not Rated,Drama Horror,64,80
585,The Gentlemen,R,Action Comedy Crime,113,51
588,Sound of Metal,R,Drama Music,120,82
589,Dunkirk,PG-13,Action Drama History,106,94
591,Hidden Figures,PG,Biography Drama History,127,74
592,Paddington 2,PG,Animation Adventure Comedy,103,88
594,Kubo and the Two Strings,PG,Animation Action Adventure,101,84
595,Manchester by the Sea,R,Drama,137,96
596,Land of Mine,R,Drama History War,100,75
597,Rogue One: A Star Wars Story,PG-13,Action Adventure Sci-Fi,133,65
598,Captain America: Civil War,PG-13,Action Adventure Sci-Fi,147,75
599,The Hateful Eight,R,Crime Drama Mystery,168,68
600,Little Women,PG,Drama Romance,135,91
601,Loving Vincent,PG-13,Animation Biography Crime,94,62
602,Pride,R,Biography Comedy Drama,119,79
603,Nightcrawler,R,Crime Drama Thriller,117,76
604,Star Wars: Episode VII - The Force Awakens,PG-13,Action Adventure Sci-Fi,138,80
605,The Great Beauty,Not Rated,Drama,141,86
606,The Lunchbox,PG,Drama Romance,104,76
608,Big Hero 6,PG,Animation Action Adventure,102,74
609,Kai Po Che,Not Rated,Drama Sport,120,40
610,About Time,R,Comedy Drama Fantasy,123,55
612,The Wind Rises,PG-13,Animation Biography Drama,126,83
613,The Best Offer,R,Crime Drama Mystery,131,49
614,Moonrise Kingdom,PG-13,Comedy Drama Romance,94,84
615,How to Train Your Dragon 2,PG,Animation Action Adventure,102,76
616,The Big Short,R,Biography Comedy Drama,130,81
617,I Saw the Devil,Not Rated,Action Crime Drama,144,67
618,The Girl with the Dragon Tattoo,R,Crime Drama Mystery,158,71
619,Captain Phillips,PG-13,Adventure Biography Crime,134,82
621,Straight Outta Compton,R,Biography Drama History,147,72
622,The Irishman,R,Biography Crime Drama,209,94
623,Mother,R,Crime Drama Mystery,129,79
624,The Chaser,Not Rated,Action Crime Thriller,125,64
625,Moon,R,Drama Mystery Sci-Fi,97,67
626,The Hobbit: The Desolation of Smaug,PG-13,Adventure Fantasy,161,66
627,The White Ribbon,R,Drama History Mystery,144,82
628,The Girl with the Dragon Tattoo,R,Crime Drama Mystery,152,76
629,The Trial of the Chicago 7,R,Drama History Thriller,129,76
630,Another Round,Not Rated,Comedy Drama,117,79
631,The Fighter,R,Biography Drama Sport,116,79
632,Taken,PG-13,Action Crime Thriller,90,51
633,The Boy in the Striped Pajamas,PG-13,Drama History War,94,55
634,Once,R,Drama Music Romance,86,88
635,The Hobbit: An Unexpected Journey,PG-13,Adventure Fantasy,169,58
636,The Edge of Heaven,Not Rated,Drama,122,85
637,Atonement,R,Drama Mystery Romance,123,85
638,Drive,R,Crime Drama,100,78
639,American Gangster,R,Biography Crime Drama,157,76
640,Avatar,PG-13,Action Adventure Fantasy,162,83
641,Mr. Nobody,R,Drama Fantasy Romance,141,63
642,Apocalypto,R,Action Adventure Drama,139,68
643,The Fall,R,Adventure Drama Fantasy,117,64
644,Little Miss Sunshine,R,Comedy Drama,101,80
645,Hot Fuzz,R,Action Comedy Mystery,121,81
646,The Curious Case of Benjamin Button,PG-13,Drama Fantasy Romance,166,70
647,Veer-Zaara,Not Rated,Drama Family Musical,192,67
648,Adam's Apples,R,Comedy Crime Drama,94,51
649,Pride & Prejudice,PG,Drama Romance,129,82
650,The World's Fastest Indian,PG-13,Biography Drama Sport,127,68
651,Tokyo Godfathers,PG-13,Animation Adventure Comedy,92,73
652,Serenity,PG-13,Action Adventure Sci-Fi,119,74
653,Walk the Line,PG-13,Biography Drama Music,136,72
654,Evil,Not Rated,Drama,113,61
655,The Notebook,PG-13,Drama Romance,123,53
656,The Motorcycle Diaries,R,Adventure Biography Drama,126,75
657,Lilya 4-Ever,R,Crime Drama,109,82
658,The Triplets of Belleville,PG-13,Animation Comedy Drama,80,91
659,Joint Security Area,Not Rated,Action Drama Thriller,110,58
660,Waking Life,R,Animation Drama Fantasy,99,83
661,Remember the Titans,PG,Biography Drama Sport,113,48
662,"Crouching Tiger, Hidden Dragon",PG-13,Action Adventure Fantasy,120,94
663,Cast Away,PG-13,Adventure Drama Romance,143,73
664,The Insider,R,Biography Drama Thriller,157,84
665,October Sky,PG,Biography Drama Family,108,71
666,Titanic,PG-13,Drama Romance,194,75
667,Taste of Cherry,Not Rated,Drama,95,80
669,Gattaca,PG-13,Drama Sci-Fi Thriller,106,64
670,Breaking the Waves,R,Drama,159,76
671,Ed Wood,R,Biography Comedy Drama,127,70
672,Tombstone,R,Action Biography Drama,130,50
673,The Sandlot,PG,Comedy Drama Family,101,55
674,The Remains of the Day,PG,Drama Romance,134,86
675,Naked,Not Rated,Comedy Drama,131,84
676,The Fugitive,PG-13,Action Crime Drama,130,87
677,A Bronx Tale,R,Crime Drama Romance,121,80
680,The Double Life of Véronique,R,Drama Fantasy Music,98,86
681,Boyz n the Hood,R,Crime Drama,112,76
682,Misery,R,Drama Thriller,107,75
683,Awakenings,PG-13,Biography Drama,121,74
684,Glory,R,Biography Drama History,122,78
685,The Killer,R,Action Crime Drama,111,82
686,Back to the Future Part II,PG,Adventure Comedy Sci-Fi,108,57
687,Mississippi Burning,R,Crime Drama History,128,65
688,Predator,R,Action Adventure Sci-Fi,107,45
689,Ferris Bueller's Day Off,PG-13,Comedy,103,61
690,The Goonies,PG,Adventure Comedy Family,114,62
691,The Color Purple,PG-13,Drama,154,78
692,The Breakfast Club,R,Comedy Drama,97,66
693,The Killing Fields,R,Biography Drama History,141,76
694,Ghostbusters,PG,Action Comedy Fantasy,105,71
695,The Right Stuff,PG,Adventure Biography Drama,193,91
696,The King of Comedy,PG,Comedy Crime Drama,109,73
697,E.T. the Extra-Terrestrial,PG,Family Sci-Fi,115,91
698,Kramer vs. Kramer,PG,Drama,105,77
699,Days of Heaven,PG,Drama Romance,94,93
700,The Outlaw Josey Wales,PG,Western,135,69
701,The Man Who Would Be King,PG,Adventure History War,129,91
702,The Conversation,PG,Drama Mystery Thriller,113,85
703,Fantastic Planet,PG,Animation Sci-Fi,72,73
704,The Day of the Jackal,PG,Crime Drama Thriller,143,80
705,Badlands,PG,Action Crime Drama,94,93
706,Cabaret,PG,Drama Music Musical,124,80
707,Willy Wonka & the Chocolate Factory,G,Family Fantasy Musical,100,67
708,Midnight Cowboy,R,Drama,113,79
709,Wait Until Dark,Not Rated,Thriller,108,81
710,Guess Who's Coming to Dinner,Not Rated,Comedy Drama,108,63
711,Bonnie and Clyde,R,Action Biography Crime,111,86
712,The Umbrellas of Cherbourg,Not Rated,Drama Musical Romance,91,86
713,My Fair Lady,G,Drama Family Musical,170,95
714,Mary Poppins,G,Comedy Family Fantasy,139,88
715,The Longest Day,G,Action Drama History,178,75
716,Jules and Jim,Not Rated,Drama Romance,105,97
717,The Innocents,Not Rated,Horror,100,88
720,The African Queen,PG,Adventure Drama Romance,105,91
723,To Have and Have Not,Not Rated,Adventure Comedy Film-Noir,100,90
725,Shadow of a Doubt,PG,Film-Noir Thriller,108,94
726,The Lady Vanishes,Not Rated,Mystery Thriller,96,98
727,The Bride of Frankenstein,Not Rated,Drama Horror Sci-Fi,75,95
728,Duck Soup,Not Rated,Comedy Musical,69,93
729,Scarface,PG,Action Crime Drama,93,87
730,Frankenstein,Not Rated,Drama Horror Sci-Fi,70,91
731,The Mitchells vs the Machines,PG,Animation Adventure Comedy,113,80
732,Roma,R,Drama,135,96
733,God's Own Country,Not Rated,Drama Romance,104,85
734,Deadpool 2,R,Action Adventure Comedy,119,66
735,Wind River,R,Crime Drama Mystery,107,73
736,The Salesman,PG-13,Drama,124,85
737,Get Out,R,Horror Mystery Thriller,104,85
738,Mission: Impossible - Fallout,PG-13,Action Adventure Thriller,147,86
739,A Man Called Ove,PG-13,Comedy Drama Romance,116,70
740,What We Do in the Shadows,R,Comedy Horror,86,76
741,When Marnie Was There,PG,Animation Drama Family,103,72
742,The Theory of Everything,PG-13,Biography Drama Romance,123,71
743,Kingsman: The Secret Service,R,Action Adventure Comedy,129,60
744,The Fault in Our Stars,PG-13,Drama Romance,126,69
745,Me and Earl and the Dying Girl,PG-13,Comedy Drama,105,74
746,Birdman or (The Unexpected Virtue of Ignorance),R,Comedy Drama,119,87
747,The Past,PG-13,Drama Mystery,130,85
748,Blue Is the Warmest Colour,NC-17,Drama Romance,180,89
749,The Broken Circle Breakdown,Not Rated,Drama Music Romance,111,70
750,Toy Story 4,G,Animation Adventure Comedy,100,84
751,Captain America: The Winter Soldier,PG-13,Action Adventure Sci-Fi,136,70
753,Nebraska,R,Adventure Comedy Drama,115,87
754,Wreck-It Ralph,PG,Animation Adventure Comedy,101,72
755,The Little Prince,PG,Animation Adventure Drama,108,70
756,Detachment,Not Rated,Drama,98,52
757,Midnight in Paris,PG-13,Comedy Fantasy Romance,94,81
759,The Lego Movie,PG,Animation Adventure Comedy,100,83
760,Gravity,PG-13,Adventure Drama Sci-Fi,91,96
761,Star Trek Into Darkness,PG-13,Action Adventure Sci-Fi,132,72
762,Beasts of No Nation,TV-MA,Drama War,137,79
763,The Social Network,PG-13,Biography Drama,120,95
764,X: First Class,PG-13,Action Adventure Sci-Fi,131,65
765,The Hangover,R,Comedy,100,73
766,Skyfall,PG-13,Action Adventure Thriller,143,81
767,Silver Linings Playbook,R,Comedy Drama Romance,122,81
768,Argo,R,Biography Drama Thriller,120,86
769,500 Days of Summer,PG-13,Comedy Drama Romance,95,76
770,Harry Potter and the Deathly Hallows: Part 1,PG-13,Adventure Fantasy Mystery,146,65
771,Ponyo,G,Animation Adventure Comedy,101,86
772,Frost/Nixon,R,Biography Drama History,122,80
773,Paprika,R,Animation Drama Fantasy,90,81
774,Changeling,R,Biography Crime Drama,141,63
775,Flipped,PG,Comedy Drama Romance,90,45
777,This Is England,Not Rated,Crime Drama,101,86
778,Ex Machina,R,Drama Sci-Fi Thriller,108,78
779,After the Wedding,R,Drama,120,78
780,The Last King of Scotland,R,Biography Drama History,123,74
781,Zodiac,R,Crime Drama Mystery,157,78
782,Lucky Number Slevin,R,Crime Drama Thriller,110,53
783,Joyeux Noel,PG-13,Drama History Music,116,70
784,Control,R,Biography Drama Music,122,78
785,Tangled,PG,Animation Adventure Comedy,100,71
786,Black Book,R,Drama Thriller War,145,71
787,Brokeback Mountain,R,Drama Romance,134,87
788,3:10 to Yuma,R,Action Crime Drama,122,76
789,Crash,R,Crime Drama Thriller,112,66
790,Kung Fu Hustle,R,Action Comedy Fantasy,99,78
791,The Bourne Supremacy,PG-13,Action Mystery Thriller,108,73
792,The Machinist,R,Drama Thriller,101,61
793,Ray,PG-13,Biography Drama Music,152,73
794,Lost in Translation,R,Comedy Drama,102,89
795,Harry Potter and the Goblet of Fire,PG-13,Adventure Family Fantasy,157,81
796,Man on Fire,R,Action Crime Drama,146,47
797,Coraline,PG,Animation Drama Family,100,80
798,The Last Samurai,R,Action Drama,154,55
799,The Magdalene Sisters,R,Drama,114,83
800,Finding Neverland,PG,Biography Drama Family,106,67
801,Good Bye Lenin!,R,Comedy Drama Romance,121,68
802,In America,PG-13,Drama,105,76
803,Adaptation.,R,Comedy Drama,115,83
804,Black Hawk Down,R,Drama History War,144,74
805,Road to Perdition,R,Crime Drama Thriller,117,72
806,The Experiment,R,Drama Thriller,120,60
807,Billy Elliot,R,Drama Music,110,74
808,Hedwig and the Angry Inch,R,Comedy Drama Music,95,85
809,The Count of Monte Cristo,PG-13,Action Adventure Drama,131,61
810,Ocean's Eleven,PG-13,Crime Thriller,116,74
811,Vampire Hunter D: Bloodlust,R,Animation Action Fantasy,103,62
812,"O Brother, Where Art Thou?",PG-13,Adventure Comedy Crime,107,69
814,"South Park: Bigger, Longer & Uncut",R,Animation Comedy Fantasy,81,73
815,Office Space,R,Comedy,89,68
816,Happiness,Not Rated,Comedy Drama,134,81
817,The Boondock Saints,R,Action Crime Thriller,108,44
818,Training Day,R,Crime Drama Thriller,122,69
819,Run Lola Run,R,Crime Drama Thriller,80,77
820,Rushmore,R,Comedy Drama Romance,93,86
822,Being John Malkovich,R,Comedy Drama Fantasy,113,90
823,As Good as It Gets,PG-13,Comedy Drama Romance,139,67
824,The Game,R,Drama Mystery Thriller,129,61
825,The Fifth Element,PG-13,Action Adventure Sci-Fi,126,52
826,Le Dîner de Cons,PG-13,Comedy,80,73
827,Donnie Brasco,R,Biography Crime Drama,127,76
828,Happy Together,Not Rated,Drama Romance,96,70
829,Shine,PG-13,Biography Drama Music,105,87
830,Primal Fear,R,Crime Drama Mystery,129,47
832,Sense and Sensibility,PG,Drama Romance,136,84
833,A Little Princess,G,Drama Family Fantasy,97,83
834,Fallen Angels,Not Rated,Comedy Crime Drama,99,71
835,The Postman,PG,Biography Comedy Drama,108,81
836,Clerks,R,Comedy,92,70
837,What's Eating Gilbert Grape,PG-13,Drama,118,73
838,Short Cuts,R,Comedy Drama,188,79
839,Philadelphia,PG-13,Drama,125,66
840,The Muppet Christmas Carol,G,Comedy Drama Family,85,64
841,Malcolm X,PG-13,Biography Drama History,202,73
842,The Last of the Mohicans,R,Action Adventure Drama,112,76
843,Porco Rosso,PG,Animation Adventure Comedy,94,83
844,Glengarry Glen Ross,R,Crime Drama Mystery,100,82
845,A Few Good Men,R,Drama Thriller,138,62
846,Night on Earth,R,Comedy Drama,129,68
847,Fried Green Tomatoes,PG-13,Drama,130,64
848,Barton Fink,R,Comedy Drama Thriller,116,69
849,Miller's Crossing,R,Crime Drama Thriller,115,66
850,Who Framed Roger Rabbit,PG,Animation Adventure Comedy,104,83
852,The Last Emperor,PG-13,Biography Drama History,163,76
853,Evil Dead II,R,Comedy Horror,84,72
854,Empire of the Sun,PG,Action Drama History,153,62
855,The Name of the Rose,R,Crime Drama Mystery,130,54
856,Down by Law,R,Comedy Crime Drama,107,75
857,Blue Velvet,R,Drama Mystery Thriller,120,76
858,The Purple Rose of Cairo,PG,Comedy Fantasy Romance,82,75
859,After Hours,R,Comedy Crime Drama,97,90
861,The Verdict,R,Drama,129,77
862,Star Trek II: The Wrath of Khan,PG,Action Adventure Sci-Fi,113,67
863,First Blood,R,Action Adventure,93,61
864,Ordinary People,R,Drama,124,86
865,Airplane!,PG,Comedy,88,78
866,Halloween,R,Horror Thriller,91,87
867,The Tenant,R,Drama Thriller,126,71
868,Love and Death,PG,Comedy War,85,89
869,The Taking of Pelham One Two Three,R,Action Crime Thriller,104,68
870,Blazing Saddles,R,Comedy Western,93,73
871,Serpico,R,Biography Crime Drama,130,87
872,Enter the Dragon,R,Action Crime Drama,102,83
873,Deliverance,R,Adventure Drama Thriller,109,80
874,The French Connection,R,Action Crime Drama,104,94
875,Dirty Harry,R,Action Crime Thriller,102,90
876,The Odd Couple,G,Comedy,105,86
877,The Dirty Dozen,Not Rated,Action Adventure War,150,73
879,A Man for All Seasons,G,Biography Drama History,120,72
880,Repulsion,Not Rated,Drama Horror Thriller,105,91
881,Zulu,Not Rated,Drama History War,138,77
882,Goldfinger,PG,Action Adventure Thriller,110,87
883,The Birds,PG-13,Drama Horror Mystery,119,90
884,Cape Fear,Not Rated,Drama Thriller,106,76
886,The Magnificent Seven,Not Rated,Action Adventure Western,128,74
887,Les yeux sans visage,Not Rated,Drama Horror,90,90
888,Invasion of the Body Snatchers,Not Rated,Drama Horror Sci-Fi,80,92
889,Rebel Without a Cause,PG-13,Drama,111,89
890,The Ladykillers,Not Rated,Comedy Crime,91,91
891,Sabrina,Not Rated,Comedy Drama Romance,113,72
892,The Caine Mutiny,Not Rated,Drama War,124,63
894,Fantasia,G,Animation Family Fantasy,125,96
895,The Invisible Man,TV-PG,Horror Sci-Fi,71,87
896,Dark Waters,PG-13,Biography Drama History,126,73
897,Searching,PG-13,Drama Mystery Thriller,102,71
898,Once Upon a Time... In Hollywood,R,Comedy Drama,161,83
899,Loveless,R,Drama,127,86
900,Train to Busan,Not Rated,Action Horror Thriller,118,72
901,The Florida Project,R,Drama,111,92
902,Just Mercy,PG-13,Biography Crime Drama,137,68
903,Gifted,PG-13,Drama,101,60
904,The Peanut Butter Falcon,PG-13,Adventure Comedy Drama,97,70
905,Victoria,Not Rated,Crime Drama Romance,138,77
906,Guardians of the Galaxy Vol. 2,PG-13,Action Adventure Comedy,136,67
907,Baby Driver,R,Action Crime Drama,113,86
908,Only the Brave,PG-13,Action Biography Drama,134,72
909,Incredibles 2,PG,Animation Action Adventure,118,80
910,Moana,PG,Animation Adventure Comedy,107,81
911,Sicario,R,Action Crime Drama,121,82
912,Creed,PG-13,Drama Sport,133,82
913,Leviathan,R,Crime Drama,140,92
914,Hell or High Water,R,Action Crime Drama,102,88
915,Philomena,PG-13,Biography Comedy Drama,98,77
917,The Raid: Redemption,R,Action Thriller,101,73
918,End of Watch,R,Action Adventure Crime,109,68
919,A Star Is Born,R,Drama Music Romance,136,88
920,True Grit,PG-13,Drama Western,110,80
921,In a Better World,R,Drama Romance,118,65
922,Despicable Me,PG,Animation Adventure Comedy,95,72
923,50/50,R,Comedy Drama Romance,100,72
925,Moneyball,PG-13,Biography Drama Sport,133,87
926,The Skin I Live In,R,Drama Horror Thriller,120,70
927,Zombieland,R,Adventure Comedy Fantasy,88,73
929,Sherlock Holmes,PG-13,Action Adventure Mystery,128,57
930,The Blind Side,PG-13,Biography Drama Sport,129,53
931,The Visitor,PG-13,Drama,104,79
932,Seven Pounds,PG-13,Drama,123,36
933,Eastern Promises,R,Action Crime Drama,100,82
935,Stardust,PG-13,Adventure Family Fantasy,127,66
936,The Secret of Kells,Not Rated,Animation Adventure Family,75,81
937,Inside Man,R,Crime Drama Mystery,129,76
938,Gone Baby Gone,R,Crime Drama Mystery,114,72
939,La Vie En Rose,PG-13,Biography Drama Music,140,66
940,Dead Man's Shoes,Not Rated,Crime Drama Thriller,90,52
941,Harry Potter and the Half-Blood Prince,PG,Action Adventure Family,153,78
942,300,R,Action Drama,117,52
943,Match Point,R,Drama Romance Thriller,124,72
944,Watchmen,R,Action Drama Mystery,162,56
945,Saw,R,Horror Mystery Thriller,103,46
946,Mysterious Skin,Not Rated,Drama,105,73
947,A Very Long Engagement,R,Drama Mystery Romance,133,76
948,The Station Agent,R,Comedy Drama,89,81
949,21 Grams,R,Crime Drama Thriller,124,70
950,Sympathy for Mr. Vengeance,R,Crime Drama Thriller,129,56
951,25th Hour,R,Drama,135,68
952,The Butterfly Effect,R,Drama Sci-Fi Thriller,113,30
953,I Am Sam,PG-13,Drama,132,28
954,Battle Royale,Not Rated,Action Adventure Drama,114,81
955,The Royal Tenenbaums,R,Comedy Drama,110,76
956,Y Tu Mamá También,R,Drama,106,88
957,Harry Potter and the Sorcerer's Stone,PG,Adventure Family Fantasy,152,64
958,The Others,PG-13,Horror Mystery Thriller,104,74
959,Minority Report,PG-13,Action Crime Mystery,145,80
960,American Psycho,R,Comedy Crime Drama,101,64
961,The Thin Red Line,R,Drama History War,170,78
962,Mulan,G,Animation Adventure Drama,88,71
963,Fear and Loathing in Las Vegas,R,Adventure Comedy Drama,118,41
964,Dark City,R,Fantasy Mystery Sci-Fi,100,66
965,Lost Highway,R,Mystery Thriller,134,52
966,Die Hard with a Vengeance,R,Action Adventure Thriller,128,58
967,The Bridges of Madison County,PG-13,Drama Romance,135,69
968,Apollo 13,PG,Adventure Drama History,140,77
969,Three Colors: White,R,Comedy Drama Romance,92,88
970,Dazed and Confused,R,Comedy,102,78
971,My Cousin Vinny,R,Comedy Crime,120,68
972,Only Yesterday,PG,Animation Drama Romance,118,90
973,Delicatessen,R,Comedy Crime,99,66
974,Home Alone,PG,Comedy Family,103,63
975,The Godfather: Part III,R,Crime Drama,162,60
976,When Harry Met Sally...,R,Comedy Drama Romance,95,76
977,The Naked Gun: From the Files of Police Squad!,PG-13,Comedy Crime,85,76
978,Withnail & I,R,Comedy Drama,107,84
979,Lethal Weapon,R,Action Crime Thriller,109,68
980,Blood Simple,R,Crime Drama Thriller,99,83
981,Mad Max 2,R,Action Adventure Sci-Fi,96,77
982,The Warriors,R,Action Crime Thriller,92,65
983,Lupin III: The Castle of Cagliostro,Not Rated,Animation Action Adventure,102,72
984,The Muppet Movie,G,Adventure Comedy Family,95,74
985,Escape from Alcatraz,PG,Action Biography Crime,112,76
986,Watership Down,PG,Animation Adventure Drama,91,64
987,Close Encounters of the Third Kind,PG,Drama Sci-Fi,138,90
988,The Long Goodbye,R,Comedy Crime Drama,112,87
989,"Duck, You Sucker!",PG,Drama War Western,138,77
990,Kelly's Heroes,GP,Adventure Comedy War,144,50
991,Where Eagles Dare,M,Action Adventure War,158,63
992,The Jungle Book,G,Animation Adventure Family,78,65
993,A Hard Day's Night,G,Comedy Musical,87,96
994,Breakfast at Tiffany's,Not Rated,Comedy Drama Romance,115,76
995,Giant,G,Drama Western,201,84
996,From Here to Eternity,Not Rated,Drama Romance War,118,85
998,Lifeboat,Not Rated,Drama War,97,78
999,The 39 Steps,Not Rated,Crime Mystery Thriller,86,93
