,Name of movie,Rating,Genre,Watchtime,Stars
0,The Shawshank Redemption,R,Drama,142,9.3
1,The Godfather,R,Crime Drama,175,9.2
2,Soorarai Pottru,TV-MA,Drama,153,9.1
3,The Dark Knight,PG-13,Action Crime Drama,152,9.0
4,The Godfather: Part II,R,Crime Drama,202,9.0
5,12 Angry Men,Not Rated,Crime Drama,96,9.0
6,Dara of Jasenovac,R,Drama War,130,8.9
7,The Lord of the Rings: The Return of the King,PG-13,Action Adventure Drama,201,8.9
8,Pulp Fiction,R,Crime Drama,154,8.9
9,Schindler's List,R,Biography Drama History,195,8.9
10,Inception,PG-13,Action Adventure Sci-Fi,148,8.8
11,Shershaah,Not Rated,Action Biography Drama,135,8.8
12,Fight Club,R,Drama,139,8.8
13,The Lord of the Rings: The Fellowship of the Ring,PG-13,Action Adventure Drama,178,8.8
14,Forrest Gump,PG-13,Drama Romance,142,8.8
15,"The Good, the Bad and the Ugly",R,Western,178,8.8
16,The Lord of the Rings: The Two Towers,PG-13,Action Adventure Drama,179,8.7
17,The Matrix,R,Action Sci-Fi,136,8.7
18,Goodfellas,R,Biography Crime Drama,146,8.7
19,Star Wars: Episode V - The Empire Strikes Back,PG,Action Adventure Fantasy,124,8.7
20,One Flew Over the Cuckoo's Nest,R,Drama,133,8.7
21,Parasite,R,Comedy Drama Thriller,132,8.6
22,Drishyam 2,Not Rated,Crime Drama Thriller,152,8.6
23,Interstellar,PG-13,Adventure Drama Sci-Fi,169,8.6
24,City of God,R,Crime Drama,130,8.6
25,Spirited Away,PG,Animation Adventure Family,125,8.6
26,Saving Private Ryan,R,Drama War,169,8.6
27,The Green Mile,R,Crime Drama Fantasy,189,8.6
28,Life Is Beautiful,PG-13,Comedy Drama Romance,116,8.6
29,Se7en,R,Crime Drama Mystery,127,8.6
30,The Silence of the Lambs,R,Crime Drama Thriller,118,8.6
31,Star Wars: Episode IV - A New Hope,PG,Action Adventure Fantasy,121,8.6
32,Hara-Kiri,Not Rated,Action Drama Mystery,133,8.6
33,Seven Samurai,Not Rated,Action Adventure Drama,207,8.6
34,It's a Wonderful Life,PG,Drama Family Fantasy,130,8.6
35,Raatchasan,Not Rated,Action Crime Drama,170,8.5
36,Whiplash,R,Drama Music,106,8.5
37,The Intouchables,R,Biography Comedy Drama,112,8.5
38,The Prestige,PG-13,Drama Mystery Sci-Fi,130,8.5
39,The Departed,R,Crime Drama Thriller,151,8.5
40,The Pianist,R,Biography Drama Music,150,8.5
41,Gladiator,R,Action Adventure Drama,155,8.5
42,American History X,R,Drama,119,8.5
43,The Usual Suspects,R,Crime Mystery Thriller,106,8.5
44,Léon: The Professional,R,Action Crime Drama,110,8.5
45,The Lion King,G,Animation Adventure Drama,88,8.5
46,Terminator 2: Judgment Day,R,Action Sci-Fi,137,8.5
47,Cinema Paradiso,R,Drama Romance,155,8.5
48,Grave of the Fireflies,Not Rated,Animation Drama War,89,8.5
49,Back to the Future,PG,Adventure Comedy Sci-Fi,116,8.5
50,Once Upon a Time in the West,PG-13,Western,165,8.5
51,Psycho,R,Horror Mystery Thriller,109,8.5
52,Pather Panchali,Not Rated,Drama,125,8.5
53,Rear Window,PG,Mystery Thriller,112,8.5
54,Casablanca,PG,Drama Romance War,102,8.5
55,Modern Times,G,Comedy Drama Family,87,8.5
56,City Lights,G,Comedy Drama Romance,87,8.5
57,Hamilton,PG-13,Biography Drama History,160,8.4
58,Capharnaüm,R,Drama,126,8.4
59,Joker,R,Crime Drama Thriller,122,8.4
60,Ayla: The Daughter of War,Not Rated,Biography Drama History,125,8.4
61,Your Name.,PG,Animation Drama Fantasy,106,8.4
62,Dangal,Not Rated,Action Biography Drama,161,8.4
63,Spider-Man: Into the Spider-Verse,PG,Animation Action Adventure,117,8.4
64,Avengers: Endgame,PG-13,Action Adventure Drama,181,8.4
65,Avengers: Infinity War,PG-13,Action Adventure Sci-Fi,149,8.4
66,Coco,PG,Animation Adventure Comedy,105,8.4
67,Django Unchained,R,Drama Western,165,8.4
68,The Dark Knight Rises,PG-13,Action,164,8.4
69,3 Idiots,PG-13,Comedy Drama,170,8.4
70,Like Stars on Earth,PG,Drama Family,165,8.4
71,WALL·E,G,Animation Adventure Family,98,8.4
72,The Lives of Others,R,Drama Mystery Thriller,137,8.4
73,Oldboy,R,Action Drama Mystery,120,8.4
74,Memento,R,Mystery Thriller,113,8.4
75,Princess Mononoke,PG-13,Animation Action Adventure,134,8.4
76,Once Upon a Time in America,R,Crime Drama,229,8.4
77,Indiana Jones and the Raiders of the Lost Ark,PG,Action Adventure,115,8.4
78,The Shining,R,Drama Horror,146,8.4
79,Apocalypse Now,R,Drama Mystery War,147,8.4
80,Alien,R,Horror Sci-Fi,117,8.4
81,High and Low,Not Rated,Crime Drama Mystery,143,8.4
82,Dr. Strangelove or: How I Learned to Stop Worrying and Love the Bomb,PG,Comedy,95,8.4
83,Witness for the Prosecution,Not Rated,Crime Drama Mystery,116,8.4
84,Paths of Glory,Not Rated,Drama War,88,8.4
85,Sunset Blvd.,Not Rated,Drama Film-Noir,110,8.4
86,The Great Dictator,G,Comedy Drama War,125,8.4
87,Chhichhore,Not Rated,Comedy Drama Romance,143,8.3
88,1917,R,Action Drama War,119,8.3
89,Uri: The Surgical Strike,Not Rated,Action Drama War,138,8.3
90,Tumbbad,Not Rated,Drama Fantasy Horror,104,8.3
91,K.G.F: Chapter 1,Not Rated,Action Crime Drama,156,8.3
92,Vikram Vedha,Not Rated,Action Crime Drama,147,8.3
93,Drishyam,Not Rated,Crime Drama Thriller,160,8.3
94,The Hunt,R,Drama,115,8.3
95,A Separation,PG-13,Drama,123,8.3
96,Incendies,R,Drama Mystery War,131,8.3
97,Demon Slayer: Mugen Train,R,Animation Action Adventure,117,8.3
98,The Father,PG-13,Drama,97,8.3
99,My Father and My Son,Not Rated,Drama Family,112,8.3
100,Inglourious Basterds,R,Adventure Drama War,153,8.3
101,Eternal Sunshine of the Spotless Mind,R,Drama Romance Sci-Fi,108,8.3
102,Amélie,R,Comedy Romance,122,8.3
103,Snatch,R,Comedy Crime,102,8.3
104,Requiem for a Dream,R,Drama,102,8.3
105,American Beauty,R,Drama,122,8.3
106,Good Will Hunting,R,Drama Romance,126,8.3
107,Children of Heaven,PG,Drama Family Sport,89,8.3
108,Toy Story,G,Animation Adventure Comedy,81,8.3
109,Braveheart,R,Biography Drama History,178,8.3
110,Reservoir Dogs,R,Crime Drama Thriller,99,8.3
111,Full Metal Jacket,R,Drama War,116,8.3
112,Come and See,Not Rated,Drama Thriller War,142,8.3
113,Aliens,R,Action Adventure Sci-Fi,137,8.3
114,Amadeus,R,Biography Drama History,160,8.3
115,Scarface,R,Crime Drama,170,8.3
116,Star Wars: Episode VI - Return of the Jedi,PG,Action Adventure Fantasy,131,8.3
117,Das Boot,R,Adventure Drama Thriller,149,8.3
118,The Sting,PG,Comedy Crime Drama,129,8.3
119,A Clockwork Orange,R,Crime Drama Sci-Fi,136,8.3
120,2001: A Space Odyssey,G,Adventure Sci-Fi,149,8.3
121,To Kill a Mockingbird,Not Rated,Crime Drama,129,8.3
122,Lawrence of Arabia,Not Rated,Adventure Biography Drama,228,8.3
123,The Apartment,Not Rated,Comedy Drama Romance,125,8.3
124,North by Northwest,Not Rated,Adventure Mystery Thriller,136,8.3
125,Vertigo,PG,Mystery Romance Thriller,128,8.3
126,Singin' in the Rain,G,Comedy Musical Romance,103,8.3
127,Ikiru,Not Rated,Drama,143,8.3
128,Bicycle Thieves,Not Rated,Drama,89,8.3
129,Double Indemnity,Not Rated,Crime Drama Film-Noir,107,8.3
130,Citizen Kane,PG,Drama Mystery,119,8.3
131,M,Not Rated,Crime Mystery Thriller,99,8.3
132,Metropolis,Not Rated,Drama Sci-Fi,153,8.3
133,The Kid,Not Rated,Comedy Drama Family,68,8.3
134,Andhadhun,Not Rated,Crime Drama Music,139,8.2
135,Green Book,PG-13,Biography Comedy Drama,130,8.2
136,A Silent Voice: The Movie,Not Rated,Animation Drama,130,8.2
137,Talvar,Not Rated,Crime Drama Mystery,132,8.2
138,Baahubali 2: The Conclusion,Not Rated,Action Drama,167,8.2
139,Klaus,PG,Animation Adventure Comedy,96,8.2
140,Masaan,Not Rated,Drama,109,8.2
141,Drishyam,Not Rated,Crime Drama Mystery,163,8.2
142,Queen,Not Rated,Adventure Comedy Drama,146,8.2
143,Tangerines,Not Rated,Drama War,87,8.2
144,Bhaag Milkha Bhaag,Not Rated,Biography Drama Sport,186,8.2
145,Gangs of Wasseypur,Not Rated,Action Crime Drama,321,8.2
146,Udaan,Not Rated,Drama,134,8.2
147,Paan Singh Tomar,Not Rated,Action Biography Crime,135,8.2
148,Zindagi Na Milegi Dobara,Not Rated,Comedy Drama,155,8.2
149,The Secret in Their Eyes,R,Drama Mystery Romance,129,8.2
150,Shutter Island,R,Mystery Thriller,138,8.2
151,Up,PG,Animation Adventure Comedy,96,8.2
152,Miracle in Cell No. 7,TV-14,Drama,132,8.2
153,Article 15,Not Rated,Crime Drama Mystery,130,8.2
154,The Wolf of Wall Street,R,Biography Crime Drama,180,8.2
155,Chak De! India,Not Rated,Drama Family Sport,153,8.2
156,There Will Be Blood,R,Drama,158,8.2
157,Pan's Labyrinth,R,Drama Fantasy War,118,8.2
158,Toy Story 3,G,Animation Adventure Comedy,103,8.2
159,Black,Not Rated,Drama,122,8.2
160,Batman Begins,PG-13,Action Adventure,140,8.2
161,Swades,Not Rated,Drama Musical,189,8.2
162,Downfall,R,Biography Drama History,156,8.2
163,Howl's Moving Castle,PG,Animation Adventure Family,119,8.2
164,A Beautiful Mind,PG-13,Biography Drama,135,8.2
165,Hera Pheri,Not Rated,Action Comedy Crime,156,8.2
166,"Lock, Stock and Two Smoking Barrels",R,Action Comedy Crime,107,8.2
167,L.A. Confidential,R,Crime Drama Mystery,138,8.2
168,The Bandit,Not Rated,Crime Drama Thriller,128,8.2
169,Heat,R,Crime Drama Thriller,170,8.2
170,Casino,R,Crime Drama,178,8.2
171,Unforgiven,R,Drama Western,130,8.2
172,Indiana Jones and the Last Crusade,PG-13,Action Adventure,127,8.2
173,Time of the Gypsies,R,Comedy Crime Drama,142,8.2
174,My Neighbor Totoro,G,Animation Family Fantasy,86,8.2
175,Die Hard,R,Action Thriller,132,8.2
176,Ran,R,Action Drama War,162,8.2
177,Raging Bull,R,Biography Drama Sport,129,8.2
178,Autumn Sonata,PG,Drama Music,99,8.2
179,Taxi Driver,R,Crime Drama,114,8.2
180,The Message,PG,Biography Drama History,177,8.2
181,Sholay,Not Rated,Action Adventure Comedy,162,8.2
182,Monty Python and the Holy Grail,PG,Adventure Comedy Fantasy,91,8.2
183,Chinatown,R,Drama Mystery Thriller,130,8.2
184,Anand,Not Rated,Drama Musical,122,8.2
185,For a Few Dollars More,R,Western,132,8.2
186,The Great Escape,Not Rated,Adventure Drama History,172,8.2
187,Yojimbo,Not Rated,Action Drama Thriller,110,8.2
188,Judgment at Nuremberg,Not Rated,Drama War,179,8.2
189,Some Like It Hot,Not Rated,Comedy Music Romance,121,8.2
190,Wild Strawberries,Not Rated,Drama Romance,91,8.2
191,The Seventh Seal,Not Rated,Drama Fantasy History,96,8.2
192,Dial M for Murder,PG,Crime Thriller,105,8.2
193,Tokyo Story,Not Rated,Drama,136,8.2
194,Rashomon,Not Rated,Crime Drama Mystery,88,8.2
195,All About Eve,Not Rated,Drama,138,8.2
196,The Treasure of the Sierra Madre,Not Rated,Adventure Drama Western,126,8.2
197,To Be or Not to Be,Not Rated,Comedy Romance War,99,8.2
198,The Gold Rush,Not Rated,Adventure Comedy Drama,95,8.2
199,Sherlock Jr.,Not Rated,Action Comedy Romance,45,8.2
200,Portrait of a Lady on Fire,R,Drama Romance,122,8.1
201,Pink,Not Rated,Crime Drama Thriller,136,8.1
202,Wolfwalkers,PG,Animation Adventure Family,103,8.1
203,"Three Billboards Outside Ebbing, Missouri",R,Comedy Crime Drama,115,8.1
204,The Invisible Guest,TV-MA,Crime Drama Mystery,106,8.1
205,The Handmaiden,Not Rated,Drama Romance Thriller,145,8.1
206,Mommy,R,Drama,139,8.1
207,Haider,Not Rated,Action Crime Drama,160,8.1
208,Logan,R,Action Drama Sci-Fi,137,8.1
209,Room,R,Drama Thriller,118,8.1
210,Wild Tales,R,Comedy Drama Thriller,122,8.1
211,Soul,PG,Animation Adventure Comedy,100,8.1
212,Winter Sleep,Not Rated,Drama,196,8.1
213,PK,Not Rated,Comedy Drama Musical,153,8.1
214,OMG: Oh My God!,Not Rated,Comedy Drama Fantasy,125,8.1
215,The Grand Budapest Hotel,R,Adventure Comedy Crime,99,8.1
216,Gone Girl,R,Drama Mystery Thriller,149,8.1
217,Wolf Children,PG,Animation Drama Fantasy,117,8.1
218,Hacksaw Ridge,R,Biography Drama History,139,8.1
219,Inside Out,PG,Animation Adventure Comedy,95,8.1
220,Barfi!,Not Rated,Comedy Drama Romance,151,8.1
221,12 Years a Slave,R,Biography Drama History,134,8.1
222,Rush,R,Action Biography Drama,123,8.1
223,Ford v Ferrari,PG-13,Action Biography Drama,152,8.1
224,Spotlight,R,Biography Crime Drama,129,8.1
225,Song of the Sea,PG,Animation Adventure Drama,93,8.1
226,Kahaani,Not Rated,Mystery Thriller,122,8.1
227,Prisoners,R,Crime Drama Mystery,153,8.1
228,Mad Max: Fury Road,R,Action Adventure Sci-Fi,120,8.1
229,Warrior,PG-13,Action Drama Sport,140,8.1
230,A Wednesday,Not Rated,Action Crime Drama,104,8.1
231,Zack Snyder's Justice League,R,Action Adventure Fantasy,242,8.1
232,Gran Torino,R,Drama,116,8.1
233,Harry Potter and the Deathly Hallows: Part 2,PG-13,Adventure Drama Fantasy,130,8.1
234,Departures,PG-13,Drama Music,130,8.1
235,Hachi: A Dog's Tale,G,Biography Drama Family,93,8.1
236,Mary and Max,Not Rated,Animation Comedy Drama,92,8.1
237,How to Train Your Dragon,PG,Animation Action Adventure,98,8.1
238,Into the Wild,R,Adventure Biography Drama,148,8.1
239,No Country for Old Men,R,Crime Drama Thriller,122,8.1
240,"Carry On, Munna Bhai",Not Rated,Comedy Drama Romance,144,8.1
241,V for Vendetta,R,Action Drama Sci-Fi,132,8.1
242,Nobody Knows,PG-13,Drama,141,8.1
243,Rang De Basanti,Not Rated,Comedy Crime Drama,167,8.1
244,Million Dollar Baby,PG-13,Drama Sport,132,8.1
245,Hotel Rwanda,PG-13,Biography Drama History,121,8.1
246,Before Sunset,R,Drama Romance,80,8.1
247,Munna Bhai M.B.B.S.,Not Rated,Comedy Drama,156,8.1
248,Memories of Murder,Not Rated,Crime Drama Mystery,132,8.1
249,Dil Chahta Hai,Not Rated,Comedy Drama Romance,183,8.1
250,Kill Bill: Vol. 1,R,Action Crime Drama,111,8.1
251,Finding Nemo,G,Animation Adventure Comedy,100,8.1
252,Catch Me If You Can,PG-13,Biography Crime Drama,141,8.1
253,Love's a Bitch,R,Drama Thriller,154,8.1
254,"Monsters, Inc.",G,Animation Adventure Comedy,92,8.1
255,Neon Genesis Evangelion: The End of Evangelion,TV-MA,Animation Action Drama,87,8.1
256,Lagaan: Once Upon a Time in India,PG,Drama Musical Sport,224,8.1
257,The Sixth Sense,PG-13,Drama Mystery Thriller,107,8.1
258,The Celebration,R,Drama,105,8.1
259,The Legend of 1900,R,Drama Music Romance,169,8.1
260,The Truman Show,PG,Comedy Drama,103,8.1
261,"Black Cat, White Cat",R,Comedy Crime Romance,127,8.1
262,The Big Lebowski,R,Comedy Crime Sport,117,8.1
263,In the Mood for Love,PG,Drama Romance,98,8.1
264,Trainspotting,R,Drama,93,8.1
265,Fargo,R,Crime Drama Thriller,98,8.1
266,Underground,Not Rated,Comedy Drama Fantasy,167,8.1
267,La Haine,Not Rated,Crime Drama,98,8.1
268,Dilwale Dulhania Le Jayenge,Not Rated,Drama Romance,181,8.1
269,Before Sunrise,R,Drama Romance,101,8.1
270,Three Colors: Red,R,Drama Mystery Romance,99,8.1
271,Chungking Express,PG-13,Comedy Crime Drama,102,8.1
272,Andaz Apna Apna,Not Rated,Action Comedy Romance,160,8.1
273,Jurassic Park,PG-13,Action Adventure Sci-Fi,127,8.1
274,In the Name of the Father,R,Biography Crime Drama,133,8.1
275,Farewell My Concubine,R,Drama Music Romance,171,8.1
276,Raise the Red Lantern,PG,Drama History Romance,125,8.1
277,Dead Poets Society,PG,Comedy Drama,128,8.1
278,The Princess Bride,PG,Adventure Family Fantasy,98,8.1
279,Stand by Me,R,Adventure Drama,89,8.1
280,Platoon,R,Drama War,120,8.1
281,"Paris, Texas",R,Drama,145,8.1
282,Nausicaä of the Valley of the Wind,PG,Animation Adventure Fantasy,117,8.1
283,The Thing,R,Horror Mystery Sci-Fi,109,8.1
284,Fitzcarraldo,PG,Adventure Drama,158,8.1
285,Fanny and Alexander,R,Drama,188,8.1
286,Blade Runner,R,Action Sci-Fi Thriller,117,8.1
287,The Elephant Man,PG,Biography Drama,124,8.1
288,Stalker,Not Rated,Drama Sci-Fi,162,8.1
289,Monty Python's Life of Brian,R,Comedy,94,8.1
290,The Deer Hunter,R,Drama War,183,8.1
291,Rocky,PG,Drama Sport,120,8.1
292,Network,R,Drama,121,8.1
293,Barry Lyndon,PG,Adventure Drama History,185,8.1
294,Mirror,Not Rated,Biography Drama,107,8.1
295,Paper Moon,PG,Comedy Crime Drama,102,8.1
296,Cries & Whispers,R,Drama,91,8.1
297,Solaris,PG,Drama Mystery Sci-Fi,167,8.1
298,Le Samouraï,GP,Crime Drama Mystery,101,8.1
299,Cool Hand Luke,GP,Crime Drama,127,8.1
300,Persona,Not Rated,Drama Thriller,83,8.1
301,Andrei Rublev,R,Biography Drama History,205,8.1
302,The Battle of Algiers,Not Rated,Drama War,121,8.1
303,The Exterminating Angel,Not Rated,Drama Fantasy,95,8.1
304,What Ever Happened to Baby Jane?,Not Rated,Drama Horror Thriller,134,8.1
305,Sanjuro,Not Rated,Action Comedy Crime,96,8.1
306,The Man Who Shot Liberty Valance,Not Rated,Drama Western,123,8.1
307,Ivan's Childhood,Not Rated,Drama War,95,8.1
308,The Virgin Spring,Not Rated,Drama,89,8.1
309,Inherit the Wind,Not Rated,Biography Drama History,128,8.1
310,The 400 Blows,Not Rated,Crime Drama,99,8.1
311,Ben-Hur,G,Adventure Drama History,212,8.1
312,The Hidden Fortress,Not Rated,Adventure Drama,126,8.1
313,Nights of Cabiria,Not Rated,Drama,110,8.1
314,Throne of Blood,Not Rated,Drama History,110,8.1
315,The Bridge on the River Kwai,PG,Adventure Drama War,161,8.1
316,Rififi,Not Rated,Crime Drama Thriller,118,8.1
317,On the Waterfront,Not Rated,Crime Drama Thriller,108,8.1
318,Diabolique,Not Rated,Crime Drama Horror,117,8.1
319,The Wages of Fear,Not Rated,Adventure Drama Thriller,131,8.1
320,Ace in the Hole,Not Rated,Drama Film-Noir,111,8.1
321,White Heat,Not Rated,Action Crime Drama,114,8.1
322,The Third Man,Not Rated,Film-Noir Mystery Thriller,93,8.1
323,The Red Shoes,Not Rated,Drama Music Romance,135,8.1
324,The Best Years of Our Lives,Not Rated,Drama Romance War,170,8.1
325,The Shop Around the Corner,Not Rated,Comedy Drama Romance,99,8.1
326,Rebecca,Not Rated,Drama Mystery Romance,130,8.1
327,The Grapes of Wrath,Not Rated,Drama History,129,8.1
328,Mr. Smith Goes to Washington,Not Rated,Comedy Drama,129,8.1
329,Gone with the Wind,Not Rated,Drama History Romance,238,8.1
330,La Grande Illusion,Not Rated,Drama War,113,8.1
331,It Happened One Night,Not Rated,Comedy Romance,105,8.1
332,All Quiet on the Western Front,Not Rated,Drama War,152,8.1
333,The Passion of Joan of Arc,Not Rated,Biography Drama History,114,8.1
334,The Circus,Not Rated,Comedy Romance,72,8.1
335,Sunrise,Not Rated,Drama Romance,94,8.1
336,The General,Not Rated,Action Adventure Comedy,67,8.1
337,The Cabinet of Dr. Caligari,Not Rated,Fantasy Horror Mystery,67,8.1
338,Shang-Chi and the Legend of the Ten Rings,PG-13,Action Adventure Fantasy,132,8.0
339,Badhaai Ho,Not Rated,Comedy Drama,124,8.0
340,Togo,PG,Adventure Biography Drama,113,8.0
341,Airlift,Not Rated,Drama History,130,8.0
342,Bajrangi Bhaijaan,Not Rated,Action Adventure Comedy,163,8.0
343,Baby,Not Rated,Action Thriller,159,8.0
344,La La Land,PG-13,Comedy Drama Music,128,8.0
345,Lion,PG-13,Biography Drama,118,8.0
346,The Martian,PG-13,Adventure Drama Sci-Fi,144,8.0
347,Zootopia,PG,Animation Adventure Comedy,108,8.0
348,Baahubali: The Beginning,Not Rated,Action Drama,159,8.0
349,The Tale of The Princess Kaguya,PG,Animation Adventure Drama,137,8.0
350,Wonder,PG,Drama Family,113,8.0
351,Special 26,Not Rated,Crime Drama Thriller,144,8.0
352,Short Term 12,R,Drama,96,8.0
353,The Raid 2,R,Action Crime Thriller,150,8.0
354,The Imitation Game,PG-13,Biography Drama Thriller,114,8.0
355,Guardians of the Galaxy,PG-13,Action Adventure Comedy,121,8.0
356,Blade Runner 2049,R,Action Drama Mystery,164,8.0
357,Her,R,Drama Romance Sci-Fi,126,8.0
358,The Revenant,R,Action Adventure Drama,156,8.0
359,Elite Squad 2: The Enemy Within,Not Rated,Action Crime Drama,115,8.0
360,The King's Speech,R,Biography Drama History,118,8.0
361,The Help,PG-13,Drama,146,8.0
362,Deadpool,R,Action Adventure Comedy,108,8.0
363,Darbareye Elly,TV-PG,Drama Mystery,119,8.0
364,Dev.D,Not Rated,Comedy Drama Romance,144,8.0
365,Ip Man,R,Action Biography Drama,106,8.0
366,My Name Is Khan,PG-13,Drama,165,8.0
367,Nefes: Vatan Sagolsun,Not Rated,Action Drama Thriller,128,8.0
368,Slumdog Millionaire,R,Drama Romance,120,8.0
369,Black Swan,R,Drama Thriller,108,8.0
370,Elite Squad,R,Action Crime Drama,115,8.0
371,The Avengers,PG-13,Action Adventure Sci-Fi,143,8.0
372,Persepolis,PG-13,Animation Biography Drama,96,8.0
373,Dallas Buyers Club,R,Biography Drama,117,8.0
374,The Pursuit of Happyness,PG-13,Biography Drama,117,8.0
375,Blood Diamond,R,Adventure Drama Thriller,143,8.0
376,The Bourne Ultimatum,PG-13,Action Adventure Mystery,115,8.0
377,3-Iron,R,Crime Drama Romance,88,8.0
378,Sin City,R,Crime Thriller,124,8.0
379,The Diving Bell and the Butterfly,PG-13,Biography Drama,112,8.0
380,Tae Guk Gi: The Brotherhood of War,R,Action Drama War,140,8.0
381,G.O.R.A.,Not Rated,Adventure Comedy Sci-Fi,127,8.0
382,Ratatouille,G,Animation Adventure Comedy,111,8.0
383,Casino Royale,PG-13,Action Adventure Thriller,144,8.0
384,Kill Bill: Vol. 2,R,Action Crime Thriller,137,8.0
385,The Return,Not Rated,Drama,110,8.0
386,"Spring, Summer, Fall, Winter... and Spring",R,Drama Romance,103,8.0
387,The Sea Inside,PG-13,Biography Drama,126,8.0
388,Cinderella Man,PG-13,Biography Drama History,144,8.0
389,Infernal Affairs,R,Action Crime Drama,101,8.0
390,Pirates of the Caribbean: The Curse of the Black Pearl,PG-13,Action Adventure Fantasy,143,8.0
391,Big Fish,PG-13,Adventure Drama Fantasy,125,8.0
392,The Incredibles,PG,Animation Action Adventure,115,8.0
393,My Sassy Girl,Not Rated,Comedy Drama Romance,137,8.0
394,Dogville,R,Crime Drama,178,8.0
395,Vizontele,Not Rated,Comedy Drama,110,8.0
396,Donnie Darko,R,Drama Mystery Sci-Fi,113,8.0
397,Magnolia,R,Drama,188,8.0
398,Dancer in the Dark,R,Crime Drama Musical,140,8.0
399,The Straight Story,G,Biography Drama,112,8.0
400,Perfect Blue,R,Animation Crime Mystery,81,8.0
401,Central Station,R,Drama,110,8.0
402,The Iron Giant,PG,Animation Action Adventure,86,8.0
403,Sling Blade,R,Drama,135,8.0
404,Secrets & Lies,R,Comedy Drama,136,8.0
405,12 Monkeys,R,Mystery Sci-Fi Thriller,129,8.0
406,Ghost in the Shell,TV-MA,Animation Action Crime,83,8.0
407,The Nightmare Before Christmas,PG,Animation Family Fantasy,76,8.0
408,Groundhog Day,PG,Comedy Fantasy Romance,101,8.0
409,"Blood In, Blood Out",R,Crime Drama,180,8.0
410,Scent of a Woman,R,Drama,156,8.0
411,Aladdin,G,Animation Adventure Comedy,90,8.0
412,JFK,R,Drama History Thriller,189,8.0
413,Beauty and the Beast,G,Animation Family Fantasy,84,8.0
414,Dances with Wolves,PG-13,Adventure Drama Western,181,8.0
415,Do the Right Thing,R,Comedy Drama,120,8.0
416,Rain Man,R,Drama,133,8.0
417,Akira,R,Animation Action Drama,124,8.0
418,Wings of Desire,PG-13,Drama Fantasy Romance,128,8.0
419,Au Revoir les Enfants,PG,Drama War,104,8.0
420,Castle in the Sky,PG,Animation Adventure Drama,125,8.0
421,The Sacrifice,PG,Drama,149,8.0
422,The Terminator,R,Action Sci-Fi,107,8.0
423,Pink Floyd: The Wall,R,Drama Fantasy Music,95,8.0
424,Gandhi,PG,Biography Drama History,191,8.0
425,Kagemusha,PG,Drama History War,162,8.0
426,Being There,PG,Comedy Drama,130,8.0
427,Annie Hall,PG,Comedy Romance,93,8.0
428,All the President's Men,PG,Biography Drama History,138,8.0
429,Jaws,PG,Adventure Thriller,124,8.0
430,Dog Day Afternoon,R,Biography Crime Drama,125,8.0
431,Young Frankenstein,PG,Comedy,106,8.0
432,Papillon,R,Biography Crime Drama,151,8.0
433,The Exorcist,R,Horror,122,8.0
434,Sleuth,PG,Mystery Thriller,138,8.0
435,The Last Picture Show,R,Drama Romance,118,8.0
436,Fiddler on the Roof,G,Drama Family Musical,181,8.0
437,The Conformist,R,Drama,113,8.0
438,Butch Cassidy and the Sundance Kid,PG,Biography Crime Drama,110,8.0
439,Rosemary's Baby,Not Rated,Drama Horror,137,8.0
440,Planet of the Apes,G,Adventure Sci-Fi,112,8.0
441,The Graduate,PG,Comedy Drama Romance,106,8.0
442,Who's Afraid of Virginia Woolf?,Not Rated,Drama,131,8.0
443,The Sound of Music,G,Biography Drama Family,172,8.0
444,Doctor Zhivago,PG-13,Drama Romance War,197,8.0
445,A Fistful of Dollars,R,Action Drama Western,99,8.0
446,8½,Not Rated,Drama,138,8.0
447,Vivre Sa Vie,Not Rated,Drama,85,8.0
448,The Hustler,Not Rated,Drama Sport,134,8.0
449,The Sweet Life,Not Rated,Comedy Drama,174,8.0
450,Rio Bravo,Not Rated,Action Drama Western,141,8.0
451,Anatomy of a Murder,Not Rated,Crime Drama Mystery,161,8.0
452,Touch of Evil,PG-13,Crime Drama Film-Noir,95,8.0
453,Cat on a Hot Tin Roof,Not Rated,Drama,108,8.0
454,Sweet Smell of Success,Not Rated,Drama Film-Noir,96,8.0
455,The Killing,Not Rated,Crime Drama Film-Noir,84,8.0
456,The Night of the Hunter,Not Rated,Crime Drama Film-Noir,92,8.0
457,La Strada,Not Rated,Drama,108,8.0
458,Stalag 17,Not Rated,Comedy Drama War,120,8.0
459,Roman Holiday,Not Rated,Comedy Romance,118,8.0
460,High Noon,PG,Drama Thriller Western,85,8.0
461,A Streetcar Named Desire,PG,Drama,122,8.0
462,Strangers on a Train,PG,Crime Film-Noir Thriller,101,8.0
463,In a Lonely Place,Not Rated,Drama Film-Noir Mystery,94,8.0
464,Kind Hearts and Coronets,Not Rated,Comedy Crime,106,8.0
465,Rope,Not Rated,Crime Drama Mystery,80,8.0
466,Out of the Past,Not Rated,Crime Drama Film-Noir,97,8.0
467,Notorious,Not Rated,Drama Film-Noir Romance,102,8.0
468,Brief Encounter,Not Rated,Drama Romance,86,8.0
469,Laura,Not Rated,Drama Film-Noir Mystery,88,8.0
470,Arsenic and Old Lace,Not Rated,Comedy Crime Thriller,118,8.0
471,The Maltese Falcon,Not Rated,Crime Film-Noir Mystery,100,8.0
472,The Wizard of Oz,PG,Adventure Family Fantasy,102,8.0
473,The Rules of the Game,Not Rated,Comedy Drama,110,8.0
474,The Thin Man,TV-PG,Comedy Crime Mystery,91,8.0
475,Battleship Potemkin,Not Rated,Drama History Thriller,66,8.0
476,Knives Out,PG-13,Comedy Crime Drama,130,7.9
477,Shoplifters,R,Crime Drama,121,7.9
478,Marriage Story,R,Comedy Drama Romance,137,7.9
479,Hindi Medium,Not Rated,Comedy Drama,132,7.9
480,Call Me by Your Name,R,Drama Romance,132,7.9
481,"I, Daniel Blake",R,Drama,100,7.9
482,Isle of Dogs,PG-13,Animation Adventure Comedy,101,7.9
483,Hunt for the Wilderpeople,PG-13,Adventure Comedy Drama,101,7.9
484,M.S. Dhoni: The Untold Story,Not Rated,Biography Drama Sport,184,7.9
485,Captain Fantastic,R,Comedy Drama,118,7.9
486,Sing Street,PG-13,Comedy Drama Music,106,7.9
487,Thor: Ragnarok,PG-13,Action Adventure Comedy,130,7.9
488,Jojo Rabbit,PG-13,Comedy Drama War,108,7.9
489,Arrival,PG-13,Drama Sci-Fi,116,7.9
490,Gully Boy,Not Rated,Drama Music Romance,154,7.9
491,Before Midnight,R,Drama Romance,109,7.9
492,X-Men: Days of Future Past,PG-13,Action Adventure Sci-Fi,132,7.9
493,Once Upon a Time in Anatolia,Not Rated,Crime Drama,157,7.9
494,Bohemian Rhapsody,PG-13,Biography Drama Music,134,7.9
495,The Perks of Being a Wallflower,PG-13,Drama Romance,103,7.9
496,The Artist,PG-13,Comedy Drama Romance,100,7.9
497,Edge of Tomorrow,PG-13,Action Adventure Sci-Fi,113,7.9
498,Amour,PG-13,Drama,127,7.9
499,A Prophet,R,Crime Drama,155,7.9
500,Let the Right One In,R,Crime Drama Fantasy,114,7.9
501,District 9,R,Action Sci-Fi Thriller,112,7.9
502,The Wrestler,R,Drama Sport,109,7.9
503,Jab We Met,Not Rated,Comedy Drama Romance,138,7.9
504,Boyhood,R,Drama,165,7.9
505,"4 Months, 3 Weeks and 2 Days",Not Rated,Drama,113,7.9
506,Star Trek,PG-13,Action Adventure Sci-Fi,127,7.9
507,In Bruges,R,Comedy Crime Drama,107,7.9
508,The Man from Earth,Not Rated,Drama Fantasy Mystery,87,7.9
509,Letters from Iwo Jima,R,Action Adventure Drama,141,7.9
510,Life of Pi,PG,Adventure Drama Fantasy,127,7.9
511,Fantastic Mr. Fox,PG,Animation Adventure Comedy,87,7.9
512,C.R.A.Z.Y.,Not Rated,Comedy Drama,129,7.9
513,The Chorus,PG-13,Comedy Drama Music,97,7.9
514,Iron Man,PG-13,Action Adventure Sci-Fi,126,7.9
515,Shaun of the Dead,R,Comedy Horror,99,7.9
516,Kal Ho Naa Ho,Not Rated,Comedy Drama Musical,186,7.9
517,Head-On,R,Drama Romance,121,7.9
518,Mystic River,R,Crime Drama Mystery,138,7.9
519,Harry Potter and the Prisoner of Azkaban,PG,Adventure Family Fantasy,142,7.9
520,Hero,PG-13,Action Adventure History,120,7.9
521,Millennium Actress,PG,Animation Drama Fantasy,87,7.9
522,Talk to Her,R,Drama Mystery Romance,112,7.9
523,No Man's Land,R,Comedy Drama War,98,7.9
524,Cowboy Bebop: The Movie,TV-14,Animation Action Crime,115,7.9
525,The Bourne Identity,PG-13,Action Mystery Thriller,119,7.9
526,Nine Queens,R,Crime Drama Thriller,114,7.9
527,Children of Men,R,Action Sci-Fi Thriller,109,7.9
528,All About My Mother,R,Drama,101,7.9
529,Almost Famous,R,Adventure Comedy Drama,122,7.9
530,Mulholland Drive,R,Drama Mystery Thriller,147,7.9
531,Shrek,PG,Animation Adventure Comedy,90,7.9
532,Toy Story 2,G,Animation Adventure Comedy,92,7.9
533,Knockin' on Heaven's Door,Not Rated,Action Crime Comedy,87,7.9
534,Boogie Nights,R,Drama,155,7.9
535,Whisper of the Heart,G,Animation Drama Family,111,7.9
536,Once Were Warriors,R,Crime Drama,102,7.9
537,True Romance,R,Crime Drama Romance,119,7.9
538,Three Colors: Blue,R,Drama Music Mystery,94,7.9
539,Ninja Scroll,Not Rated,Animation Action Adventure,94,7.9
540,Carlito's Way,R,Crime Drama Thriller,144,7.9
541,Edward Scissorhands,PG-13,Drama Fantasy Romance,105,7.9
542,My Left Foot,R,Biography Drama,103,7.9
543,Kiki's Delivery Service,G,Animation Adventure Drama,103,7.9
544,Crimes and Misdemeanors,PG-13,Comedy Drama,104,7.9
545,The Untouchables,R,Crime Drama Thriller,119,7.9
546,Hannah and Her Sisters,PG-13,Comedy Drama,107,7.9
547,Brazil,R,Drama Sci-Fi,132,7.9
548,This Is Spinal Tap,R,Comedy Music,82,7.9
549,A Christmas Story,PG,Comedy Family,93,7.9
550,The Blues Brothers,R,Action Adventure Comedy,133,7.9
551,Manhattan,R,Comedy Drama Romance,96,7.9
552,All That Jazz,R,Drama Music Musical,123,7.9
553,Dawn of the Dead,Not Rated,Horror Thriller,127,7.9
554,The Holy Mountain,R,Adventure Drama Fantasy,114,7.9
555,Amarcord,R,Comedy Drama,123,7.9
556,The Discreet Charm of the Bourgeoisie,PG,Comedy,102,7.9
557,"Aguirre, the Wrath of God",Not Rated,Action Adventure Biography,95,7.9
558,Harold and Maude,PG,Comedy Drama Romance,91,7.9
559,Patton,GP,Biography Drama War,172,7.9
560,The Wild Bunch,R,Action Adventure Western,135,7.9
561,Night of the Living Dead,Not Rated,Horror Thriller,96,7.9
562,The Lion in Winter,PG,Biography Drama History,134,7.9
563,In the Heat of the Night,Not Rated,Crime Drama Mystery,110,7.9
564,Charade,Not Rated,Comedy Mystery Romance,113,7.9
565,The Manchurian Candidate,PG-13,Drama Thriller,126,7.9
566,Spartacus,PG-13,Adventure Biography Drama,197,7.9
567,L'Avventura,Not Rated,Drama Mystery Romance,144,7.9
568,Hiroshima Mon Amour,Not Rated,Drama Romance,90,7.9
569,The Ten Commandments,G,Adventure Drama,220,7.9
570,The Searchers,Not Rated,Adventure Drama Western,119,7.9
571,East of Eden,PG,Drama,118,7.9
572,Harvey,Not Rated,Comedy Drama Fantasy,104,7.9
573,Miracle on 34th Street,Not Rated,Comedy Drama Family,96,7.9
574,The Big Sleep,Not Rated,Crime Film-Noir Mystery,114,7.9
575,The Lost Weekend,Not Rated,Drama Film-Noir,101,7.9
576,The Philadelphia Story,Not Rated,Comedy Romance,112,7.9
577,His Girl Friday,Not Rated,Comedy Drama Romance,92,7.9
578,Stagecoach,Not Rated,Adventure Drama Western,96,7.9
579,Bringing Up Baby,Not Rated,Comedy Family Romance,102,7.9
580,The Adventures of Robin Hood,PG,Action Adventure Romance,102,7.9
581,A Night at the Opera,Not Rated,Comedy Music Musical,96,7.9
582,King Kong,Not Rated,Adventure Horror Sci-Fi,100,7.9
583,Freaks,Not Rated,Drama Horror,64,7.9
584,Nosferatu,Not Rated,Fantasy Horror,94,7.9
585,The Gentlemen,R,Action Comedy Crime,113,7.8
586,Badla,Not Rated,Crime Drama Mystery,118,7.8
587,Raazi,Not Rated,Action Drama Thriller,138,7.8
588,Sound of Metal,R,Drama Music,120,7.8
589,Dunkirk,PG-13,Action Drama History,106,7.8
590,Perfect Strangers,Not Rated,Comedy Drama,96,7.8
591,Hidden Figures,PG,Biography Drama History,127,7.8
592,Paddington 2,PG,Animation Adventure Comedy,103,7.8
593,Udta Punjab,Not Rated,Action Crime Drama,148,7.8
594,Kubo and the Two Strings,PG,Animation Action Adventure,101,7.8
595,Manchester by the Sea,R,Drama,137,7.8
596,Land of Mine,R,Drama History War,100,7.8
597,Rogue One: A Star Wars Story,PG-13,Action Adventure Sci-Fi,133,7.8
598,Captain America: Civil War,PG-13,Action Adventure Sci-Fi,147,7.8
599,The Hateful Eight,R,Crime Drama Mystery,168,7.8
600,Little Women,PG,Drama Romance,135,7.8
601,Loving Vincent,PG-13,Animation Biography Crime,94,7.8
602,Pride,R,Biography Comedy Drama,119,7.8
603,Nightcrawler,R,Crime Drama Thriller,117,7.8
604,Star Wars: Episode VII - The Force Awakens,PG-13,Action Adventure Sci-Fi,138,7.8
605,The Great Beauty,Not Rated,Drama,141,7.8
606,The Lunchbox,PG,Drama Romance,104,7.8
607,Vicky Donor,Not Rated,Comedy Romance,126,7.8
608,Big Hero 6,PG,Animation Action Adventure,102,7.8
609,Kai Po Che,Not Rated,Drama Sport,120,7.8
610,About Time,R,Comedy Drama Fantasy,123,7.8
611,English Vinglish,Not Rated,Comedy Drama Family,134,7.8
612,The Wind Rises,PG-13,Animation Biography Drama,126,7.8
613,The Best Offer,R,Crime Drama Mystery,131,7.8
614,Moonrise Kingdom,PG-13,Comedy Drama Romance,94,7.8
615,How to Train Your Dragon 2,PG,Animation Action Adventure,102,7.8
616,The Big Short,R,Biography Comedy Drama,130,7.8
617,I Saw the Devil,Not Rated,Action Crime Drama,144,7.8
618,The Girl with the Dragon Tattoo,R,Crime Drama Mystery,158,7.8
619,Captain Phillips,PG-13,Adventure Biography Crime,134,7.8
620,The Man from Nowhere,R,Action Crime Drama,119,7.8
621,Straight Outta Compton,R,Biography Drama History,147,7.8
622,The Irishman,R,Biography Crime Drama,209,7.8
623,Mother,R,Crime Drama Mystery,129,7.8
624,The Chaser,Not Rated,Action Crime Thriller,125,7.8
625,Moon,R,Drama Mystery Sci-Fi,97,7.8
626,The Hobbit: The Desolation of Smaug,PG-13,Adventure Fantasy,161,7.8
627,The White Ribbon,R,Drama History Mystery,144,7.8
628,The Girl with the Dragon Tattoo,R,Crime Drama Mystery,152,7.8
629,The Trial of the Chicago 7,R,Drama History Thriller,129,7.8
630,Another Round,Not Rated,Comedy Drama,117,7.8
631,The Fighter,R,Biography Drama Sport,116,7.8
632,Taken,PG-13,Action Crime Thriller,90,7.8
633,The Boy in the Striped Pajamas,PG-13,Drama History War,94,7.8
634,Once,R,Drama Music Romance,86,7.8
635,The Hobbit: An Unexpected Journey,PG-13,Adventure Fantasy,169,7.8
636,The Edge of Heaven,Not Rated,Drama,122,7.8
637,Atonement,R,Drama Mystery Romance,123,7.8
638,Drive,R,Crime Drama,100,7.8
639,American Gangster,R,Biography Crime Drama,157,7.8
640,Avatar,PG-13,Action Adventure Fantasy,162,7.8
641,Mr. Nobody,R,Drama Fantasy Romance,141,7.8
642,Apocalypto,R,Action Adventure Drama,139,7.8
643,The Fall,R,Adventure Drama Fantasy,117,7.8
644,Little Miss Sunshine,R,Comedy Drama,101,7.8
645,Hot Fuzz,R,Action Comedy Mystery,121,7.8
646,The Curious Case of Benjamin Button,PG-13,Drama Fantasy Romance,166,7.8
647,Veer-Zaara,Not Rated,Drama Family Musical,192,7.8
648,Adam's Apples,R,Comedy Crime Drama,94,7.8
649,Pride & Prejudice,PG,Drama Romance,129,7.8
650,The World's Fastest Indian,PG-13,Biography Drama Sport,127,7.8
651,Tokyo Godfathers,PG-13,Animation Adventure Comedy,92,7.8
652,Serenity,PG-13,Action Adventure Sci-Fi,119,7.8
653,Walk the Line,PG-13,Biography Drama Music,136,7.8
654,Evil,Not Rated,Drama,113,7.8
655,The Notebook,PG-13,Drama Romance,123,7.8
656,The Motorcycle Diaries,R,Adventure Biography Drama,126,7.8
657,Lilya 4-Ever,R,Crime Drama,109,7.8
658,The Triplets of Belleville,PG-13,Animation Comedy Drama,80,7.8
659,Joint Security Area,Not Rated,Action Drama Thriller,110,7.8
660,Waking Life,R,Animation Drama Fantasy,99,7.8
661,Remember the Titans,PG,Biography Drama Sport,113,7.8
662,"Crouching Tiger, Hidden Dragon",PG-13,Action Adventure Fantasy,120,7.8
663,Cast Away,PG-13,Adventure Drama Romance,143,7.8
664,The Insider,R,Biography Drama Thriller,157,7.8
665,October Sky,PG,Biography Drama Family,108,7.8
666,Titanic,PG-13,Drama Romance,194,7.8
667,Taste of Cherry,Not Rated,Drama,95,7.8
668,Fireworks,Not Rated,Crime Drama Romance,103,7.8
669,Gattaca,PG-13,Drama Sci-Fi Thriller,106,7.8
670,Breaking the Waves,R,Drama,159,7.8
671,Ed Wood,R,Biography Comedy Drama,127,7.8
672,Tombstone,R,Action Biography Drama,130,7.8
673,The Sandlot,PG,Comedy Drama Family,101,7.8
674,The Remains of the Day,PG,Drama Romance,134,7.8
675,Naked,Not Rated,Comedy Drama,131,7.8
676,The Fugitive,PG-13,Action Crime Drama,130,7.8
677,A Bronx Tale,R,Crime Drama Romance,121,7.8
678,Batman: Mask of the Phantasm,PG,Animation Action Crime,76,7.8
679,Hard Boiled,R,Action Crime Thriller,128,7.8
680,The Double Life of Véronique,R,Drama Fantasy Music,98,7.8
681,Boyz n the Hood,R,Crime Drama,112,7.8
682,Misery,R,Drama Thriller,107,7.8
683,Awakenings,PG-13,Biography Drama,121,7.8
684,Glory,R,Biography Drama History,122,7.8
685,The Killer,R,Action Crime Drama,111,7.8
686,Back to the Future Part II,PG,Adventure Comedy Sci-Fi,108,7.8
687,Mississippi Burning,R,Crime Drama History,128,7.8
688,Predator,R,Action Adventure Sci-Fi,107,7.8
689,Ferris Bueller's Day Off,PG-13,Comedy,103,7.8
690,The Goonies,PG,Adventure Comedy Family,114,7.8
691,The Color Purple,PG-13,Drama,154,7.8
692,The Breakfast Club,R,Comedy Drama,97,7.8
693,The Killing Fields,R,Biography Drama History,141,7.8
694,Ghostbusters,PG,Action Comedy Fantasy,105,7.8
695,The Right Stuff,PG,Adventure Biography Drama,193,7.8
696,The King of Comedy,PG,Comedy Crime Drama,109,7.8
697,E.T. the Extra-Terrestrial,PG,Family Sci-Fi,115,7.8
698,Kramer vs. Kramer,PG,Drama,105,7.8
699,Days of Heaven,PG,Drama Romance,94,7.8
700,The Outlaw Josey Wales,PG,Western,135,7.8
701,The Man Who Would Be King,PG,Adventure History War,129,7.8
702,The Conversation,PG,Drama Mystery Thriller,113,7.8
703,Fantastic Planet,PG,Animation Sci-Fi,72,7.8
704,The Day of the Jackal,PG,Crime Drama Thriller,143,7.8
705,Badlands,PG,Action Crime Drama,94,7.8
706,Cabaret,PG,Drama Music Musical,124,7.8
707,Willy Wonka & the Chocolate Factory,G,Family Fantasy Musical,100,7.8
708,Midnight Cowboy,R,Drama,113,7.8
709,Wait Until Dark,Not Rated,Thriller,108,7.8
710,Guess Who's Coming to Dinner,Not Rated,Comedy Drama,108,7.8
711,Bonnie and Clyde,R,Action Biography Crime,111,7.8
712,The Umbrellas of Cherbourg,Not Rated,Drama Musical Romance,91,7.8
713,My Fair Lady,G,Drama Family Musical,170,7.8
714,Mary Poppins,G,Comedy Family Fantasy,139,7.8
715,The Longest Day,G,Action Drama History,178,7.8
716,Jules and Jim,Not Rated,Drama Romance,105,7.8
717,The Innocents,Not Rated,Horror,100,7.8
718,Breathless,Not Rated,Crime Drama,90,7.8
719,The Quiet Man,Not Rated,Comedy Drama Romance,129,7.8
720,The African Queen,PG,Adventure Drama Romance,105,7.8
721,Red River,Not Rated,Action Adventure Drama,133,7.8
722,Key Largo,Not Rated,Action Crime Drama,100,7.8
723,To Have and Have Not,Not Rated,Adventure Comedy Film-Noir,100,7.8
724,Gaslight,Not Rated,Crime Drama Mystery,114,7.8
725,Shadow of a Doubt,PG,Film-Noir Thriller,108,7.8
726,The Lady Vanishes,Not Rated,Mystery Thriller,96,7.8
727,The Bride of Frankenstein,Not Rated,Drama Horror Sci-Fi,75,7.8
728,Duck Soup,Not Rated,Comedy Musical,69,7.8
729,Scarface,PG,Action Crime Drama,93,7.8
730,Frankenstein,Not Rated,Drama Horror Sci-Fi,70,7.8
731,The Mitchells vs the Machines,PG,Animation Adventure Comedy,113,7.7
732,Roma,R,Drama,135,7.7
733,God's Own Country,Not Rated,Drama Romance,104,7.7
734,Deadpool 2,R,Action Adventure Comedy,119,7.7
735,Wind River,R,Crime Drama Mystery,107,7.7
736,The Salesman,PG-13,Drama,124,7.7
737,Get Out,R,Horror Mystery Thriller,104,7.7
738,Mission: Impossible - Fallout,PG-13,Action Adventure Thriller,147,7.7
739,A Man Called Ove,PG-13,Comedy Drama Romance,116,7.7
740,What We Do in the Shadows,R,Comedy Horror,86,7.7
741,When Marnie Was There,PG,Animation Drama Family,103,7.7
742,The Theory of Everything,PG-13,Biography Drama Romance,123,7.7
743,Kingsman: The Secret Service,R,Action Adventure Comedy,129,7.7
744,The Fault in Our Stars,PG-13,Drama Romance,126,7.7
745,Me and Earl and the Dying Girl,PG-13,Comedy Drama,105,7.7
746,Birdman or (The Unexpected Virtue of Ignorance),R,Comedy Drama,119,7.7
747,The Past,PG-13,Drama Mystery,130,7.7
748,Blue Is the Warmest Colour,NC-17,Drama Romance,180,7.7
749,The Broken Circle Breakdown,Not Rated,Drama Music Romance,111,7.7
750,Toy Story 4,G,Animation Adventure Comedy,100,7.7
751,Captain America: The Winter Soldier,PG-13,Action Adventure Sci-Fi,136,7.7
752,Rockstar,Not Rated,Drama Music Romance,159,7.7
753,Nebraska,R,Adventure Comedy Drama,115,7.7
754,Wreck-It Ralph,PG,Animation Adventure Comedy,101,7.7
755,The Little Prince,PG,Animation Adventure Drama,108,7.7
756,Detachment,Not Rated,Drama,98,7.7
757,Midnight in Paris,PG-13,Comedy Fantasy Romance,94,7.7
758,Confessions,Not Rated,Drama Thriller,106,7.7
759,The Lego Movie,PG,Animation Adventure Comedy,100,7.7
760,Gravity,PG-13,Adventure Drama Sci-Fi,91,7.7
761,Star Trek Into Darkness,PG-13,Action Adventure Sci-Fi,132,7.7
762,Beasts of No Nation,TV-MA,Drama War,137,7.7
763,The Social Network,PG-13,Biography Drama,120,7.7
764,X: First Class,PG-13,Action Adventure Sci-Fi,131,7.7
765,The Hangover,R,Comedy,100,7.7
766,Skyfall,PG-13,Action Adventure Thriller,143,7.7
767,Silver Linings Playbook,R,Comedy Drama Romance,122,7.7
768,Argo,R,Biography Drama Thriller,120,7.7
769,500 Days of Summer,PG-13,Comedy Drama Romance,95,7.7
770,Harry Potter and the Deathly Hallows: Part 1,PG-13,Adventure Fantasy Mystery,146,7.7
771,Ponyo,G,Animation Adventure Comedy,101,7.7
772,Frost/Nixon,R,Biography Drama History,122,7.7
773,Paprika,R,Animation Drama Fantasy,90,7.7
774,Changeling,R,Biography Crime Drama,141,7.7
775,Flipped,PG,Comedy Drama Romance,90,7.7
776,The Girl Who Leapt Through Time,TV-PG,Animation Adventure Comedy,98,7.7
777,This Is England,Not Rated,Crime Drama,101,7.7
778,Ex Machina,R,Drama Sci-Fi Thriller,108,7.7
779,After the Wedding,R,Drama,120,7.7
780,The Last King of Scotland,R,Biography Drama History,123,7.7
781,Zodiac,R,Crime Drama Mystery,157,7.7
782,Lucky Number Slevin,R,Crime Drama Thriller,110,7.7
783,Joyeux Noel,PG-13,Drama History Music,116,7.7
784,Control,R,Biography Drama Music,122,7.7
785,Tangled,PG,Animation Adventure Comedy,100,7.7
786,Black Book,R,Drama Thriller War,145,7.7
787,Brokeback Mountain,R,Drama Romance,134,7.7
788,3:10 to Yuma,R,Action Crime Drama,122,7.7
789,Crash,R,Crime Drama Thriller,112,7.7
790,Kung Fu Hustle,R,Action Comedy Fantasy,99,7.7
791,The Bourne Supremacy,PG-13,Action Mystery Thriller,108,7.7
792,The Machinist,R,Drama Thriller,101,7.7
793,Ray,PG-13,Biography Drama Music,152,7.7
794,Lost in Translation,R,Comedy Drama,102,7.7
795,Harry Potter and the Goblet of Fire,PG-13,Adventure Family Fantasy,157,7.7
796,Man on Fire,R,Action Crime Drama,146,7.7
797,Coraline,PG,Animation Drama Family,100,7.7
798,The Last Samurai,R,Action Drama,154,7.7
799,The Magdalene Sisters,R,Drama,114,7.7
800,Finding Neverland,PG,Biography Drama Family,106,7.7
801,Good Bye Lenin!,R,Comedy Drama Romance,121,7.7
802,In America,PG-13,Drama,105,7.7
803,Adaptation.,R,Comedy Drama,115,7.7
804,Black Hawk Down,R,Drama History War,144,7.7
805,Road to Perdition,R,Crime Drama Thriller,117,7.7
806,The Experiment,R,Drama Thriller,120,7.7
807,Billy Elliot,R,Drama Music,110,7.7
808,Hedwig and the Angry Inch,R,Comedy Drama Music,95,7.7
809,The Count of Monte Cristo,PG-13,Action Adventure Drama,131,7.7
810,Ocean's Eleven,PG-13,Crime Thriller,116,7.7
811,Vampire Hunter D: Bloodlust,R,Animation Action Fantasy,103,7.7
812,"O Brother, Where Art Thou?",PG-13,Adventure Comedy Crime,107,7.7
813,Interstate 60: Episodes of the Road,R,Adventure Comedy Drama,116,7.7
814,"South Park: Bigger, Longer & Uncut",R,Animation Comedy Fantasy,81,7.7
815,Office Space,R,Comedy,89,7.7
816,Happiness,Not Rated,Comedy Drama,134,7.7
817,The Boondock Saints,R,Action Crime Thriller,108,7.7
818,Training Day,R,Crime Drama Thriller,122,7.7
819,Run Lola Run,R,Crime Drama Thriller,80,7.7
820,Rushmore,R,Comedy Drama Romance,93,7.7
821,Open Your Eyes,R,Drama Mystery Sci-Fi,119,7.7
822,Being John Malkovich,R,Comedy Drama Fantasy,113,7.7
823,As Good as It Gets,PG-13,Comedy Drama Romance,139,7.7
824,The Game,R,Drama Mystery Thriller,129,7.7
825,The Fifth Element,PG-13,Action Adventure Sci-Fi,126,7.7
826,Le Dîner de Cons,PG-13,Comedy,80,7.7
827,Donnie Brasco,R,Biography Crime Drama,127,7.7
828,Happy Together,Not Rated,Drama Romance,96,7.7
829,Shine,PG-13,Biography Drama Music,105,7.7
830,Primal Fear,R,Crime Drama Mystery,129,7.7
831,Hamlet,PG-13,Drama,242,7.7
832,Sense and Sensibility,PG,Drama Romance,136,7.7
833,A Little Princess,G,Drama Family Fantasy,97,7.7
834,Fallen Angels,Not Rated,Comedy Crime Drama,99,7.7
835,The Postman,PG,Biography Comedy Drama,108,7.7
836,Clerks,R,Comedy,92,7.7
837,What's Eating Gilbert Grape,PG-13,Drama,118,7.7
838,Short Cuts,R,Comedy Drama,188,7.7
839,Philadelphia,PG-13,Drama,125,7.7
840,The Muppet Christmas Carol,G,Comedy Drama Family,85,7.7
841,Malcolm X,PG-13,Biography Drama History,202,7.7
842,The Last of the Mohicans,R,Action Adventure Drama,112,7.7
843,Porco Rosso,PG,Animation Adventure Comedy,94,7.7
844,Glengarry Glen Ross,R,Crime Drama Mystery,100,7.7
845,A Few Good Men,R,Drama Thriller,138,7.7
846,Night on Earth,R,Comedy Drama,129,7.7
847,Fried Green Tomatoes,PG-13,Drama,130,7.7
848,Barton Fink,R,Comedy Drama Thriller,116,7.7
849,Miller's Crossing,R,Crime Drama Thriller,115,7.7
850,Who Framed Roger Rabbit,PG,Animation Adventure Comedy,104,7.7
851,The Vanishing,Not Rated,Mystery Thriller,107,7.7
852,The Last Emperor,PG-13,Biography Drama History,163,7.7
853,Evil Dead II,R,Comedy Horror,84,7.7
854,Empire of the Sun,PG,Action Drama History,153,7.7
855,The Name of the Rose,R,Crime Drama Mystery,130,7.7
856,Down by Law,R,Comedy Crime Drama,107,7.7
857,Blue Velvet,R,Drama Mystery Thriller,120,7.7
858,The Purple Rose of Cairo,PG,Comedy Fantasy Romance,82,7.7
859,After Hours,R,Comedy Crime Drama,97,7.7
860,Zelig,PG,Comedy,79,7.7
861,The Verdict,R,Drama,129,7.7
862,Star Trek II: The Wrath of Khan,PG,Action Adventure Sci-Fi,113,7.7
863,First Blood,R,Action Adventure,93,7.7
864,Ordinary People,R,Drama,124,7.7
865,Airplane!,PG,Comedy,88,7.7
866,Halloween,R,Horror Thriller,91,7.7
867,The Tenant,R,Drama Thriller,126,7.7
868,Love and Death,PG,Comedy War,85,7.7
869,The Taking of Pelham One Two Three,R,Action Crime Thriller,104,7.7
870,Blazing Saddles,R,Comedy Western,93,7.7
871,Serpico,R,Biography Crime Drama,130,7.7
872,Enter the Dragon,R,Action Crime Drama,102,7.7
873,Deliverance,R,Adventure Drama Thriller,109,7.7
874,The French Connection,R,Action Crime Drama,104,7.7
875,Dirty Harry,R,Action Crime Thriller,102,7.7
876,The Odd Couple,G,Comedy,105,7.7
877,The Dirty Dozen,Not Rated,Action Adventure War,150,7.7
878,Belle de Jour,R,Drama Romance,100,7.7
879,A Man for All Seasons,G,Biography Drama History,120,7.7
880,Repulsion,Not Rated,Drama Horror Thriller,105,7.7
881,Zulu,Not Rated,Drama History War,138,7.7
882,Goldfinger,PG,Action Adventure Thriller,110,7.7
883,The Birds,PG-13,Drama Horror Mystery,119,7.7
884,Cape Fear,Not Rated,Drama Thriller,106,7.7
885,Peeping Tom,Not Rated,Drama Horror Thriller,101,7.7
886,The Magnificent Seven,Not Rated,Action Adventure Western,128,7.7
887,Les yeux sans visage,Not Rated,Drama Horror,90,7.7
888,Invasion of the Body Snatchers,Not Rated,Drama Horror Sci-Fi,80,7.7
889,Rebel Without a Cause,PG-13,Drama,111,7.7
890,The Ladykillers,Not Rated,Comedy Crime,91,7.7
891,Sabrina,Not Rated,Comedy Drama Romance,113,7.7
892,The Caine Mutiny,Not Rated,Drama War,124,7.7
893,The Day the Earth Stood Still,G,Drama Sci-Fi,92,7.7
894,Fantasia,G,Animation Family Fantasy,125,7.7
895,The Invisible Man,TV-PG,Horror Sci-Fi,71,7.7
896,Dark Waters,PG-13,Biography Drama History,126,7.6
897,Searching,PG-13,Drama Mystery Thriller,102,7.6
898,Once Upon a Time... In Hollywood,R,Comedy Drama,161,7.6
899,Loveless,R,Drama,127,7.6
900,Train to Busan,Not Rated,Action Horror Thriller,118,7.6
901,The Florida Project,R,Drama,111,7.6
902,Just Mercy,PG-13,Biography Crime Drama,137,7.6
903,Gifted,PG-13,Drama,101,7.6
904,The Peanut Butter Falcon,PG-13,Adventure Comedy Drama,97,7.6
905,Victoria,Not Rated,Crime Drama Romance,138,7.6
906,Guardians of the Galaxy Vol. 2,PG-13,Action Adventure Comedy,136,7.6
907,Baby Driver,R,Action Crime Drama,113,7.6
908,Only the Brave,PG-13,Action Biography Drama,134,7.6
909,Incredibles 2,PG,Animation Action Adventure,118,7.6
910,Moana,PG,Animation Adventure Comedy,107,7.6
911,Sicario,R,Action Crime Drama,121,7.6
912,Creed,PG-13,Drama Sport,133,7.6
913,Leviathan,R,Crime Drama,140,7.6
914,Hell or High Water,R,Action Crime Drama,102,7.6
915,Philomena,PG-13,Biography Comedy Drama,98,7.6
916,The Body,Not Rated,Mystery Thriller,112,7.6
917,The Raid: Redemption,R,Action Thriller,101,7.6
918,End of Watch,R,Action Adventure Crime,109,7.6
919,A Star Is Born,R,Drama Music Romance,136,7.6
920,True Grit,PG-13,Drama Western,110,7.6
921,In a Better World,R,Drama Romance,118,7.6
922,Despicable Me,PG,Animation Adventure Comedy,95,7.6
923,50/50,R,Comedy Drama Romance,100,7.6
924,Celda 211,Not Rated,Action Adventure Crime,113,7.6
925,Moneyball,PG-13,Biography Drama Sport,133,7.6
926,The Skin I Live In,R,Drama Horror Thriller,120,7.6
927,Zombieland,R,Adventure Comedy Fantasy,88,7.6
928,The Wave,Not Rated,Drama Thriller,107,7.6
929,Sherlock Holmes,PG-13,Action Adventure Mystery,128,7.6
930,The Blind Side,PG-13,Biography Drama Sport,129,7.6
931,The Visitor,PG-13,Drama,104,7.6
932,Seven Pounds,PG-13,Drama,123,7.6
933,Eastern Promises,R,Action Crime Drama,100,7.6
934,Death Note,Not Rated,Crime Drama Fantasy,126,7.6
935,Stardust,PG-13,Adventure Family Fantasy,127,7.6
936,The Secret of Kells,Not Rated,Animation Adventure Family,75,7.6
937,Inside Man,R,Crime Drama Mystery,129,7.6
938,Gone Baby Gone,R,Crime Drama Mystery,114,7.6
939,La Vie En Rose,PG-13,Biography Drama Music,140,7.6
940,Dead Man's Shoes,Not Rated,Crime Drama Thriller,90,7.6
941,Harry Potter and the Half-Blood Prince,PG,Action Adventure Family,153,7.6
942,300,R,Action Drama,117,7.6
943,Match Point,R,Drama Romance Thriller,124,7.6
944,Watchmen,R,Action Drama Mystery,162,7.6
945,Saw,R,Horror Mystery Thriller,103,7.6
946,Mysterious Skin,Not Rated,Drama,105,7.6
947,A Very Long Engagement,R,Drama Mystery Romance,133,7.6
948,The Station Agent,R,Comedy Drama,89,7.6
949,21 Grams,R,Crime Drama Thriller,124,7.6
950,Sympathy for Mr. Vengeance,R,Crime Drama Thriller,129,7.6
951,25th Hour,R,Drama,135,7.6
952,The Butterfly Effect,R,Drama Sci-Fi Thriller,113,7.6
953,I Am Sam,PG-13,Drama,132,7.6
954,Battle Royale,Not Rated,Action Adventure Drama,114,7.6
955,The Royal Tenenbaums,R,Comedy Drama,110,7.6
956,Y Tu Mamá También,R,Drama,106,7.6
957,Harry Potter and the Sorcerer's Stone,PG,Adventure Family Fantasy,152,7.6
958,The Others,PG-13,Horror Mystery Thriller,104,7.6
959,Minority Report,PG-13,Action Crime Mystery,145,7.6
960,American Psycho,R,Comedy Crime Drama,101,7.6
961,The Thin Red Line,R,Drama History War,170,7.6
962,Mulan,G,Animation Adventure Drama,88,7.6
963,Fear and Loathing in Las Vegas,R,Adventure Comedy Drama,118,7.6
964,Dark City,R,Fantasy Mystery Sci-Fi,100,7.6
965,Lost Highway,R,Mystery Thriller,134,7.6
966,Die Hard with a Vengeance,R,Action Adventure Thriller,128,7.6
967,The Bridges of Madison County,PG-13,Drama Romance,135,7.6
968,Apollo 13,PG,Adventure Drama History,140,7.6
969,Three Colors: White,R,Comedy Drama Romance,92,7.6
970,Dazed and Confused,R,Comedy,102,7.6
971,My Cousin Vinny,R,Comedy Crime,120,7.6
972,Only Yesterday,PG,Animation Drama Romance,118,7.6
973,Delicatessen,R,Comedy Crime,99,7.6
974,Home Alone,PG,Comedy Family,103,7.6
975,The Godfather: Part III,R,Crime Drama,162,7.6
976,When Harry Met Sally...,R,Comedy Drama Romance,95,7.6
977,The Naked Gun: From the Files of Police Squad!,PG-13,Comedy Crime,85,7.6
978,Withnail & I,R,Comedy Drama,107,7.6
979,Lethal Weapon,R,Action Crime Thriller,109,7.6
980,Blood Simple,R,Crime Drama Thriller,99,7.6
981,Mad Max 2,R,Action Adventure Sci-Fi,96,7.6
982,The Warriors,R,Action Crime Thriller,92,7.6
983,Lupin III: The Castle of Cagliostro,Not Rated,Animation Action Adventure,102,7.6
984,The Muppet Movie,G,Adventure Comedy Family,95,7.6
985,Escape from Alcatraz,PG,Action Biography Crime,112,7.6
986,Watership Down,PG,Animation Adventure Drama,91,7.6
987,Close Encounters of the Third Kind,PG,Drama Sci-Fi,138,7.6
988,The Long Goodbye,R,Comedy Crime Drama,112,7.6
989,"Duck, You Sucker!",PG,Drama War Western,138,7.6
990,Kelly's Heroes,GP,Adventure Comedy War,144,7.6
991,Where Eagles Dare,M,Action Adventure War,158,7.6
992,The Jungle Book,G,Animation Adventure Family,78,7.6
993,A Hard Day's Night,G,Comedy Musical,87,7.6
994,Breakfast at Tiffany's,Not Rated,Comedy Drama Romance,115,7.6
995,Giant,G,Drama Western,201,7.6
996,From Here to Eternity,Not Rated,Drama Romance War,118,7.6
997,Gilda,Not Rated,Drama Film-Noir Romance,110,7.6
998,Lifeboat,Not Rated,Drama War,97,7.6
999,The 39 Steps,Not Rated,Crime Mystery Thriller,86,7.6
